COUNTRY,FECHA,CONTAGIADOS,FALLECIDOS,RECUPERADOS,HOSPITALIZADOS,UCIs,IP,R0_7
BOLIVIA,08/03/2020,1,0,0,0,,1,
BOLIVIA,09/03/2020,1,0,0,0,,1,
BOLIVIA,10/03/2020,5,0,0,0,,5,
BOLIVIA,11/03/2020,3,0,0,0,,3,
BOLIVIA,12/03/2020,0,0,0,0,,0,
BOLIVIA,13/03/2020,2,0,0,0,,2,
BOLIVIA,14/03/2020,0,0,0,0,,0,
BOLIVIA,15/03/2020,1,0,0,0,,1,
BOLIVIA,16/03/2020,1,0,0,0,,1,
BOLIVIA,17/03/2020,1,0,0,0,,1,
BOLIVIA,18/03/2020,3,0,0,0,,3,
BOLIVIA,19/03/2020,2,0,0,0,,2,
BOLIVIA,20/03/2020,7,0,0,0,,7,
BOLIVIA,21/03/2020,3,0,0,0,,3,
BOLIVIA,22/03/2020,0,0,0,0,,0,
BOLIVIA,23/03/2020,1,0,0,0,,1,
BOLIVIA,24/03/2020,1,0,0,0,,1,
BOLIVIA,25/03/2020,7,0,0,0,,7,
BOLIVIA,26/03/2020,22,0,0,0,,22,
BOLIVIA,27/03/2020,13,0,0,0,,13,
BOLIVIA,28/03/2020,7,0,0,0,,7,
BOLIVIA,29/03/2020,7,3,0,0,,10,
BOLIVIA,30/03/2020,11,3,0,0,,14,
BOLIVIA,31/03/2020,8,1,0,0,,9,
BOLIVIA,01/04/2020,8,1,0,0,,9,
BOLIVIA,02/04/2020,9,1,0,0,,10,
BOLIVIA,03/04/2020,7,1,1,0,,7,
BOLIVIA,04/04/2020,18,0,1,0,,17,
BOLIVIA,05/04/2020,26,1,0,0,,27,
BOLIVIA,06/04/2020,11,3,0,0,,14,
BOLIVIA,07/04/2020,16,1,0,,,17,
BOLIVIA,07/04/2020,16,3,0,0,,19,
BOLIVIA,08/04/2020,54,1,0,,,55,
BOLIVIA,09/04/2020,4,1,0,,,5,
BOLIVIA,10/04/2020,7,1,0,,,8,
BOLIVIA,11/04/2020,25,4,0,,,29,
BOLIVIA,12/04/2020,30,3,0,,,33,
BOLIVIA,13/04/2020,24,1,4,,,21,
BOLIVIA,14/04/2020,43,0,1,,,42,
BOLIVIA,15/04/2020,44,1,7,,,38,
BOLIVIA,16/04/2020,24,2,12,,,14,
BOLIVIA,17/04/2020,28,0,5,,,23,
BOLIVIA,18/04/2020,27,1,0,,,28,
BOLIVIA,19/04/2020,44,1,0,,,45,
BOLIVIA,20/04/2020,34,1,6,,,29,
BOLIVIA,21/04/2020,11,3,7,,,7,
BOLIVIA,22/04/2020,63,3,0,,,66,
BOLIVIA,23/04/2020,31,3,10,,,24,
BOLIVIA,24/04/2020,104,1,9,,,96,
BOLIVIA,25/04/2020,59,2,12,,,49,
BOLIVIA,26/04/2020,84,4,6,,,82,
BOLIVIA,27/04/2020,64,3,19,,,48,
BOLIVIA,28/04/2020,39,2,29,,,12,
BOLIVIA,29/04/2020,57,4,7,,,54,
BOLIVIA,30/04/2020,57,1,5,,,53,
BOLIVIA,01/05/2020,62,6,2,,,66,
BOLIVIA,02/05/2020,241,11,25,,,227,
BOLIVIA,03/05/2020,124,5,7,,,122,
BOLIVIA,04/05/2020,87,6,8,,,85,
BOLIVIA,05/05/2020,121,4,13,,,112,
BOLIVIA,06/05/2020,84,5,11,,,78,
BOLIVIA,07/05/2020,195,11,21,,,185,
BOLIVIA,08/05/2020,185,4,8,,,181,
BOLIVIA,09/05/2020,171,8,21,,,158,
BOLIVIA,10/05/2020,119,3,15,,,107,
BOLIVIA,11/05/2020,275,5,26,,,254,
BOLIVIA,12/05/2020,133,6,14,,,125,
BOLIVIA,13/05/2020,184,14,26,,,172,
BOLIVIA,14/05/2020,224,10,17,,,217,
BOLIVIA,15/05/2020,205,12,78,,,139,
BOLIVIA,16/05/2020,249,1,39,,,211,
BOLIVIA,17/05/2020,262,4,20,,,246,
BOLIVIA,18/05/2020,175,5,10,,,170,
BOLIVIA,19/05/2020,218,15,30,,,203,
BOLIVIA,20/05/2020,438,10,20,,,428,
BOLIVIA,21/05/2020,268,16,8,,,276,
BOLIVIA,22/05/2020,392,15,14,,,393,
BOLIVIA,23/05/2020,336,10,34,,,312,
BOLIVIA,24/05/2020,348,10,20,,,338,
BOLIVIA,25/05/2020,397,11,18,,,390,
BOLIVIA,26/05/2020,476,2,30,,,448,
BOLIVIA,27/05/2020,632,17,12,,,637,
BOLIVIA,28/05/2020,619,13,49,,,583,
BOLIVIA,29/05/2020,344,7,11,,,340,
BOLIVIA,30/05/2020,861,10,140,,,731,
BOLIVIA,31/05/2020,390,3,97,,,296,
BOLIVIA,01/06/2020,549,30,146,,,433,
BOLIVIA,02/06/2020,460,33,166,,,327,
BOLIVIA,03/06/2020,647,24,209,,,462,
BOLIVIA,04/06/2020,607,15,151,,,471,
BOLIVIA,05/06/2020,483,12,76,,,419,
BOLIVIA,06/06/2020,630,27,168,,,489,
BOLIVIA,07/06/2020,285,10,184,,,111,
BOLIVIA,08/06/2020,306,10,73,,,243,
BOLIVIA,09/06/2020,695,12,31,,,676,
BOLIVIA,10/06/2020,637,25,71,,,591,
BOLIVIA,11/06/2020,884,21,111,,,794,
BOLIVIA,12/06/2020,764,26,59,,,731,
BOLIVIA,13/06/2020,913,26,337,,,602,
BOLIVIA,14/06/2020,617,26,345,,,298,
BOLIVIA,15/06/2020,614,21,317,,,318,
BOLIVIA,16/06/2020,810,27,322,,,515,
BOLIVIA,17/06/2020,802,20,250,,,572,
BOLIVIA,18/06/2020,814,18,318,,,514,
BOLIVIA,19/06/2020,977,18,350,,,645,
BOLIVIA,20/06/2020,1036,25,416,,,645,
BOLIVIA,21/06/2020,876,33,431,,,478,
BOLIVIA,22/06/2020,1105,47,47,,,1105,
BOLIVIA,23/06/2020,896,26,76,,,846,
BOLIVIA,24/06/2020,1098,30,20,,,1108,
BOLIVIA,25/06/2020,1016,37,37,,,1016,
BOLIVIA,26/06/2020,920,21,21,,,920,
BOLIVIA,27/06/2020,1253,36,36,,,1253,
BOLIVIA,28/06/2020,848,44,44,,,848,
BOLIVIA,29/06/2020,601,57,57,,,601,
BOLIVIA,30/06/2020,1094,52,52,,,227,
BOLIVIA,01/07/2020,1008,78,424,,,,
BOLIVIA,02/07/2020,1301,70,408,,,,
BOLIVIA,03/07/2020,1290,49,506,,,,
BOLIVIA,04/07/2020,1253,58,395,,,,
BOLIVIA,05/07/2020,1226,56,262,,,,
BOLIVIA,06/07/2020,1226,42,10691,,,,
BOLIVIA,07/07/2020,1036,54,11645,,,,
BOLIVIA,08/07/2020,1439,47,471,,,,
BOLIVIA,09/07/2020,1129,61,564,,,,
BOLIVIA,10/07/2020,1452,64,415,,,,
BOLIVIA,11/07/2020,1635,52,510,,,,
BOLIVIA,12/07/2020,1351,53,456,,,,
BOLIVIA,13/07/2020,1938,59,520,,,,
BOLIVIA,14/07/2020,1617,32,538,,,,
BOLIVIA,15/07/2020,1351,44,622,,,,
BOLIVIA,16/07/2020,1938,42,903,,,,
BOLIVIA,17/07/2020,1946,65,318,,,,
BOLIVIA,18/07/2020,2036,57,353,,,,
BOLIVIA,19/07/2020,1444,45,322,,,,
BOLIVIA,20/07/2020,1409,67,1,,,,
BOLIVIA,21/07/2020,1366,55,415,,,,
BOLIVIA,22/07/2020,1778,55,431,,,,
BOLIVIA,23/07/2020,1117,79,309,,,,
BOLIVIA,24/07/2020,1209,66,584,,,,
BOLIVIA,25/07/2020,1825,62,337,,,,
BOLIVIA,26/07/2020,1148,48,218,,,,
BOLIVIA,27/07/2020,1752,64,309,,,,
BOLIVIA,28/07/2020,1146,73,493,,,,
BOLIVIA,29/07/2020,1207,88,535,,,,
BOLIVIA,30/07/2020,1700,86,799,,,,
BOLIVIA,31/07/2020,1555,83,277,,,,
BOLIVIA,01/08/2020,2004,87,386,,,,
BOLIVIA,02/08/2020,1360,89,188,,,,
BOLIVIA,03/08/2020,1693,75,354,,,,
BOLIVIA,04/08/2020,1515,92,880,,,,
BOLIVIA,05/08/2020,1780,65,1047,,,,
BOLIVIA,06/08/2020,1282,80,936,,,,
BOLIVIA,07/08/2020,1468,59,766,,,,
BOLIVIA,08/08/2020,1164,163,765,,,,
BOLIVIA,09/08/2020,944,47,904,,,,
BOLIVIA,10/08/2020,1636,72,1015,,,,
BOLIVIA,11/08/2020,1693,49,930,,,,
BOLIVIA,12/08/2020,1743,66,1077,,,,
BOLIVIA,13/08/2020,1388,57,890,,,,
BOLIVIA,14/08/2020,1491,55,1003,,,,
BOLIVIA,15/08/2020,1196,64,915,,,,
BOLIVIA,16/08/2020,1198,45,853,,,,
BOLIVIA,17/08/2020,879,75,980,,,,
BOLIVIA,18/08/2020,1796,49,1152,,,,
BOLIVIA,19/08/2020,2031,61,1342,,,,
BOLIVIA,20/08/2020,1015,72,1146,,,,
BOLIVIA,21/08/2020,1370,61,1030,,,,
BOLIVIA,22/08/2020,992,76,1746,,,,
BOLIVIA,23/08/2020,722,67,1509,,,,
BRAZIL,26/02/2020,0,0,0,0,0,0,
BRAZIL,27/02/2020,0,0,0,0,0,0,
BRAZIL,28/02/2020,0,0,0,0,0,0,
BRAZIL,29/02/2020,1,0,0,0,0,1,
BRAZIL,01/03/2020,0,0,0,0,0,0,
BRAZIL,02/03/2020,0,0,0,0,0,0,
BRAZIL,03/03/2020,0,0,0,0,0,0,
BRAZIL,04/03/2020,1,0,0,0,0,1,
BRAZIL,05/03/2020,4,0,0,0,0,4,
BRAZIL,06/03/2020,6,0,0,0,0,6,
BRAZIL,07/03/2020,6,0,0,0,0,6,
BRAZIL,08/03/2020,6,0,0,0,0,6,
BRAZIL,09/03/2020,0,0,0,0,0,0,
BRAZIL,10/03/2020,9,0,0,0,0,9,
BRAZIL,11/03/2020,18,0,0,0,0,18,
BRAZIL,12/03/2020,25,0,0,0,0,25,
BRAZIL,13/03/2020,21,0,0,0,0,21,
BRAZIL,14/03/2020,23,0,0,0,0,23,
BRAZIL,15/03/2020,79,0,0,0,0,79,
BRAZIL,16/03/2020,34,0,0,0,0,34,
BRAZIL,17/03/2020,57,1,0,0,0,58,
BRAZIL,18/03/2020,137,3,0,0,0,140,
BRAZIL,19/03/2020,193,2,0,0,0,195,
BRAZIL,20/03/2020,283,5,0,0,0,288,
BRAZIL,21/03/2020,224,7,0,0,0,231,
BRAZIL,22/03/2020,418,7,0,0,0,425,
BRAZIL,23/03/2020,345,9,0,0,0,354,
BRAZIL,24/03/2020,310,12,0,0,0,322,
BRAZIL,25/03/2020,232,11,0,0,0,243,
BRAZIL,26/03/2020,482,20,0,0,0,502,
BRAZIL,27/03/2020,502,15,0,0,0,517,
BRAZIL,28/03/2020,486,22,0,0,0,508,
BRAZIL,29/03/2020,353,22,0,0,0,375,
BRAZIL,30/03/2020,323,23,0,0,0,346,
BRAZIL,31/03/2020,1138,42,0,0,0,1180,
BRAZIL,01/04/2020,1117,40,0,0,0,1157,
BRAZIL,02/04/2020,1076,58,0,0,0,1134,
BRAZIL,03/04/2020,1146,60,0,0,0,1206,
BRAZIL,04/04/2020,1222,73,0,0,0,1295,
BRAZIL,05/04/2020,852,54,0,0,0,906,
BRAZIL,06/04/2020,926,67,0,0,0,993,
BRAZIL,07/04/2020,1661,114,0,0,0,1775,
BRAZIL,08/04/2020,2210,133,0,0,0,2343,
BRAZIL,09/04/2020,1930,141,0,0,0,2071,
BRAZIL,10/04/2020,1781,115,0,0,0,1896,
BRAZIL,11/04/2020,1089,68,0,0,0,1157,
BRAZIL,12/04/2020,1442,99,0,0,0,1541,
BRAZIL,13/04/2020,1261,105,0,0,0,1366,
BRAZIL,14/04/2020,1832,204,0,0,0,2036,
BRAZIL,15/04/2020,3058,204,0,0,0,3262,
BRAZIL,16/04/2020,2105,188,0,0,0,2293,
BRAZIL,17/04/2020,3257,217,0,0,0,3474,
BRAZIL,18/04/2020,2917,206,0,0,0,3123,
BRAZIL,19/04/2020,2055,115,0,0,0,2170,
BRAZIL,20/04/2020,1927,113,0,0,0,2040,
BRAZIL,21/04/2020,2498,166,0,0,0,2664,
BRAZIL,22/04/2020,2678,165,0,0,0,2843,
BRAZIL,23/04/2020,3735,407,0,0,0,4142,
BRAZIL,24/04/2020,3503,357,0,0,0,3860,
BRAZIL,25/04/2020,5514,346,0,0,0,5860,
BRAZIL,26/04/2020,3379,189,0,0,0,3568,
BRAZIL,27/04/2020,4613,338,0,0,0,4951,
BRAZIL,28/04/2020,5385,474,0,0,0,5859,
BRAZIL,29/04/2020,6276,449,0,0,0,6725,
BRAZIL,30/04/2020,7218,435,0,0,0,7653,
BRAZIL,01/05/2020,5919,428,0,0,0,6347,
BRAZIL,02/05/2020,5097,395,0,0,0,5492,
BRAZIL,03/05/2020,4751,301,0,0,0,5052,
BRAZIL,04/05/2020,6633,296,0,0,0,6929,
BRAZIL,05/05/2020,6935,600,0,0,0,7535,
BRAZIL,06/05/2020,10503,614,0,0,0,11117,
BRAZIL,07/05/2020,9888,611,0,0,0,10499,
BRAZIL,08/05/2020,10222,749,0,0,0,10971,
BRAZIL,09/05/2020,10611,732,0,0,0,11343,
BRAZIL,10/05/2020,6760,496,0,0,0,7256,
BRAZIL,11/05/2020,5632,396,0,0,0,6028,
BRAZIL,12/05/2020,9258,881,0,0,0,10139,
BRAZIL,13/05/2020,11385,749,0,0,0,12134,
BRAZIL,14/05/2020,13944,844,0,0,0,14788,
BRAZIL,15/05/2020,15305,824,0,0,0,16129,
BRAZIL,16/05/2020,14919,816,0,0,0,15735,
BRAZIL,17/05/2020,7938,485,0,0,0,8423,
BRAZIL,18/05/2020,13140,674,0,0,0,13814,
BRAZIL,19/05/2020,17408,1179,0,0,0,18587,
BRAZIL,20/05/2020,19951,888,0,0,0,20839,
BRAZIL,21/05/2020,18508,1188,0,0,0,19696,
BRAZIL,22/05/2020,20803,999,0,0,0,21802,
BRAZIL,23/05/2020,16508,967,0,0,0,17475,
BRAZIL,24/05/2020,15813,653,0,0,0,16466,
BRAZIL,25/05/2020,11687,807,0,0,0,12494,
BRAZIL,26/05/2020,16324,1039,0,0,0,17363,
BRAZIL,27/05/2020,20599,1086,0,0,0,21685,
CHILE,08/04/2020,1,0,0,0,0,1,
CHILE,09/04/2020,2,0,0,0,0,2,
CHILE,10/04/2020,1,0,0,0,0,1,
CHILE,06/03/2020,1,0,0,0,0,1,
CHILE,07/03/2020,2,0,0,0,0,2,
CHILE,08/03/2020,3,0,0,0,0,3,
CHILE,09/03/2020,3,0,0,0,0,3,
CHILE,10/03/2020,4,0,0,0,0,4,
CHILE,11/03/2020,5,0,0,0,0,5,
CHILE,12/03/2020,10,0,0,0,0,10,
CHILE,13/03/2020,11,0,0,0,0,11,
CHILE,14/03/2020,18,0,0,0,0,18,
CHILE,15/03/2020,14,0,0,0,0,14,
CHILE,16/03/2020,80,0,0,0,0,80,
CHILE,17/03/2020,46,0,1,0,0,45,
CHILE,18/03/2020,65,0,2,0,0,63,
CHILE,19/03/2020,76,0,2,0,0,74,
CHILE,20/03/2020,92,0,1,0,0,91,
CHILE,21/03/2020,103,1,2,0,0,102,
CHILE,22/03/2020,95,0,0,0,0,95,
CHILE,23/03/2020,290,1,1,0,0,290,
CHILE,24/03/2020,90,0,1,0,0,89,
CHILE,25/03/2020,294,1,1,0,0,294,
CHILE,26/03/2020,304,0,6,0,0,298,
CHILE,27/03/2020,299,0,1,0,0,298,
CHILE,28/03/2020,230,0,8,0,0,222,
CHILE,29/03/2020,310,0,4,0,0,306,
CHILE,30/03/2020,289,0,67,0,0,222,
CHILE,31/03/2020,291,-1,2,0,0,288,
CHILE,01/04/2020,293,4,1,0,0,296,
CHILE,02/04/2020,373,0,23,0,0,350,
CHILE,03/04/2020,333,18,326,0,237,25,
CHILE,04/04/2020,424,5,101,0,43,328,
CHILE,05/04/2020,310,7,90,0,27,227,
CHILE,06/04/2020,344,3,110,0,20,237,
CHILE,07/04/2020,301,6,170,0,10,137,
CHILE,08/04/2020,430,5,217,0,25,218,
CHILE,09/04/2020,426,9,159,0,2,276,
CHILE,10/04/2020,529,8,297,0,23,240,
CHILE,11/04/2020,426,8,293,788,83,141,
CHILE,12/04/2020,286,7,195,5,1,98,
CHILE,13/04/2020,312,2,308,24,22,6,
CHILE,14/04/2020,356,12,570,22,7,-202,
CHILE,15/04/2020,356,0,0,241,0,356,
CHILE,16/04/2020,534,11,362,37,6,183,
CHILE,17/04/2020,445,11,322,22,8,134,
CHILE,18/04/2020,478,10,414,58,31,74,
CHILE,19/04/2020,358,7,303,25,78,62,
CHILE,20/04/2020,419,6,338,9,77,87,
CHILE,21/04/2020,325,8,293,81,96,40,
CHILE,22/04/2020,469,13,417,31,7,65,
CHILE,23/04/2020,516,8,418,18,12,106,
CHILE,24/04/2020,494,6,523,19,4,-23,
CHILE,25/04/2020,552,7,419,32,3,140,
CHILE,26/04/2020,473,8,278,24,3,203,
CHILE,27/04/2020,482,9,303,67,11,188,
CHILE,28/04/2020,552,9,383,29,2,178,
CHILE,29/04/2020,770,9,347,14,10,432,
CHILE,30/04/2020,888,11,523,54,1,376,
CHILE,01/05/2020,985,7,438,54,6,554,
CHILE,02/05/2020,1427,13,554,97,24,886,
CHILE,03/05/2020,1228,13,442,128,15,799,
CHILE,04/05/2020,980,10,401,69,6,589,
CHILE,05/05/2020,1373,5,295,117,16,1083,
CHILE,06/05/2020,1032,6,479,114,7,559,
CHILE,07/05/2020,1275,4,475,124,15,804,
CHILE,08/05/2020,1518,9,496,106,36,1031,
CHILE,09/05/2020,1247,10,507,103,21,750,
CHILE,10/05/2020,1641,8,445,84,9,1204,
CHILE,11/05/2020,1197,11,493,147,30,715,
CHILE,12/05/2020,1658,12,520,225,38,1150,
CHILE,13/05/2020,2660,11,740,187,21,1931,
CHILE,14/05/2020,2301,22,790,164,0,1533,
CHILE,15/05/2020,2502,26,959,164,48,1569,
CHILE,16/05/2020,1886,27,1400,185,40,513,
CHILE,17/05/2020,2353,29,1199,282,18,1183,
CHILE,18/05/2020,2278,28,952,263,38,1354,
CHILE,19/05/2020,3520,31,1342,185,69,2209,
CHILE,20/05/2020,4038,35,997,239,28,3076,
CHILE,21/05/2020,3964,45,1488,160,39,2521,
CHILE,22/05/2020,4276,41,1277,267,43,3040,
CHILE,23/05/2020,3536,43,1277,235,76,2302,
CHILE,24/05/2020,3712,45,1602,143,28,2155,
CHILE,25/05/2020,4895,43,1154,321,45,3784,
CHILE,26/05/2020,3964,45,1613,323,67,2396,
CHILE,27/05/2020,4328,35,2625,184,49,1738,
CHILE,28/05/2020,4656,49,2610,124,38,2095,
CHILE,29/05/2020,3695,54,2448,206,61,1301,
CHILE,30/05/2020,4220,53,1833,259,33,2440,
CHILE,31/05/2020,4830,57,2296,238,63,2591,
CHILE,01/06/2020,5471,59,2219,75,5,3311,
CHILE,02/06/2020,3527,75,0,176,24,3602,
CHILE,03/06/2020,4942,87,0,183,21,5029,
CHILE,04/06/2020,4664,81,0,72,25,4745,
CHILE,05/06/2020,4207,92,0,41,3,4299,
CHILE,06/06/2020,5246,93,0,119,34,5339,
CHILE,07/06/2020,6405,649,0,40,23,7054,
CHILE,08/06/2020,4696,74,0,147,4,4770,
CHILE,09/06/2020,3913,19,0,268,13,3932,
CHILE,10/06/2020,5737,192,0,170,28,5929,
CHILE,11/06/2020,5596,173,0,169,29,5769,
CHILE,12/06/2020,6794,222,0,101,9,7016,
CHILE,13/06/2020,6509,231,0,183,59,6740,
CHILE,14/06/2020,6938,222,0,92,8,7160,
CHILE,15/06/2020,5143,39,0,104,4,5182,
CHILE,16/06/2020,5013,21,0,145,67,5034,
CHILE,17/06/2020,4757,232,0,108,51,4989,
CHILE,18/06/2020,4475,226,0,29,66,4701,
CHILE,19/06/2020,6290,252,0,110,40,6542,
CHILE,20/06/2020,5355,202,0,78,45,5557,
CHILE,21/06/2020,5607,184,0,87,18,5791,
CHILE,22/06/2020,4608,23,0,38,5,4631,
CHILE,23/06/2020,3804,3,0,151,37,3807,
CHILE,24/06/2020,3649,226,0,12,32,3875,
CHILE,25/06/2020,4648,172,0,48,8,4820,
CHILE,26/06/2020,4296,165,0,20,4,4461,
CHILE,27/06/2020,4406,279,0,137,39,4685,
CHILE,28/06/2020,4216,162,0,7,39,4378,
CHILE,29/06/2020,4017,66,0,136,16,4083,
CHILE,30/06/2020,3394,113,0,51,31,3507,
ECUADOR,29/02/2020,1,0,0,0,,1,
ECUADOR,01/03/2020,5,0,0,0,,5,
ECUADOR,02/03/2020,1,0,0,0,,1,
ECUADOR,03/03/2020,0,0,0,0,,0,
ECUADOR,04/03/2020,3,0,0,0,,3,
ECUADOR,05/03/2020,3,0,0,0,,3,
ECUADOR,06/03/2020,1,0,0,0,,1,
ECUADOR,07/03/2020,0,0,0,0,,0,
ECUADOR,08/03/2020,1,0,0,0,,1,
ECUADOR,09/03/2020,0,0,0,0,,0,
ECUADOR,10/03/2020,2,0,0,0,,2,
ECUADOR,11/03/2020,0,0,0,0,,0,
ECUADOR,12/03/2020,2,0,0,0,,2,
ECUADOR,13/03/2020,4,1,0,0,,5,
ECUADOR,14/03/2020,5,1,0,0,,6,
ECUADOR,15/03/2020,9,0,0,0,,9,
ECUADOR,16/03/2020,21,0,0,0,,21,
ECUADOR,17/03/2020,53,0,0,0,,53,
ECUADOR,18/03/2020,57,1,0,0,,58,
ECUADOR,19/03/2020,92,1,3,0,,90,
ECUADOR,20/03/2020,166,3,0,0,,169,
ECUADOR,21/03/2020,106,0,0,0,,106,
ECUADOR,22/03/2020,257,7,0,0,,264,
ECUADOR,23/03/2020,192,4,0,0,,196,
ECUADOR,24/03/2020,101,9,0,0,,110,
ECUADOR,25/03/2020,129,2,0,0,,131,
ECUADOR,26/03/2020,192,5,0,0,,197,
ECUADOR,27/03/2020,224,7,0,0,,231,
ECUADOR,28/03/2020,208,7,0,0,,215,
ECUADOR,29/02/2020,1,0,,0,0,1,
ECUADOR,01/03/2020,5,0,,0,0,5,
ECUADOR,02/03/2020,1,0,,0,0,1,
ECUADOR,03/03/2020,0,0,,0,0,0,
ECUADOR,04/03/2020,3,0,,0,0,3,
ECUADOR,05/03/2020,3,0,,0,0,3,
ECUADOR,06/03/2020,1,0,,0,0,1,
ECUADOR,07/03/2020,0,0,,0,0,0,
ECUADOR,08/03/2020,1,0,,0,0,1,
ECUADOR,09/03/2020,0,0,,0,0,0,
ECUADOR,10/03/2020,2,0,,0,0,2,
ECUADOR,11/03/2020,0,0,,0,0,0,
ECUADOR,12/03/2020,2,0,,0,0,2,
ECUADOR,13/03/2020,4,1,,0,0,5,
ECUADOR,14/03/2020,5,1,,0,0,6,
ECUADOR,15/03/2020,9,0,,0,0,9,
ECUADOR,16/03/2020,21,0,,0,0,21,
ECUADOR,17/03/2020,53,0,,0,0,53,
ECUADOR,18/03/2020,57,1,,0,0,58,
ECUADOR,19/03/2020,92,1,,0,0,93,
ECUADOR,20/03/2020,166,3,,0,0,169,
ECUADOR,21/03/2020,106,0,,0,0,106,
ECUADOR,22/03/2020,257,7,,0,0,264,
ECUADOR,23/03/2020,192,4,,0,0,196,
ECUADOR,24/03/2020,101,9,,0,0,110,
ECUADOR,25/03/2020,129,2,,0,0,131,
ECUADOR,26/03/2020,192,5,,0,0,197,
ECUADOR,27/03/2020,224,7,,0,0,231,
ECUADOR,28/03/2020,208,7,,0,0,215,
ECUADOR,29/03/2020,89,10,,0,0,99,
ECUADOR,30/03/2020,42,4,,0,0,46,
ECUADOR,31/03/2020,336,17,,0,0,353,
ECUADOR,01/04/2020,456,19,,0,0,475,
ECUADOR,02/04/2020,405,22,,0,0,427,
ECUADOR,03/04/2020,205,25,,0,0,230,
ECUADOR,04/04/2020,97,27,,0,0,124,
ECUADOR,05/04/2020,181,8,,0,0,189,
ECUADOR,06/04/2020,101,11,,0,0,112,
ECUADOR,07/04/2020,248,29,,0,0,277,
ECUADOR,08/04/2020,455,22,,0,0,477,
ECUADOR,09/04/2020,515,30,,0,0,545,
ECUADOR,10/04/2020,2196,25,,0,0,2221,
ECUADOR,11/04/2020,96,18,,0,0,114,
ECUADOR,12/04/2020,209,18,,0,0,227,
ECUADOR,13/04/2020,63,22,,0,0,85,
ECUADOR,14/04/2020,74,14,,0,0,88,
ECUADOR,15/04/2020,255,19,,0,0,274,
ECUADOR,16/04/2020,367,15,,0,0,382,
ECUADOR,17/04/2020,225,18,,0,0,243,
ECUADOR,18/04/2020,572,35,,0,0,607,
ECUADOR,19/04/2020,446,18,,0,0,464,
ECUADOR,20/04/2020,660,33,,0,0,693,
ECUADOR,21/04/2020,270,13,,0,0,283,
ECUADOR,22/04/2020,452,17,,0,0,469,
ECUADOR,23/04/2020,333,23,,0,0,356,
ECUADOR,24/04/2020,0,16,,0,0,16,
ECUADOR,25/04/2020,0,0,,0,0,0,
ECUADOR,26/04/2020,0,0,,0,0,0,
ECUADOR,27/04/2020,0,0,,0,0,0,
ECUADOR,28/04/2020,0,0,,0,0,0,
ECUADOR,29/04/2020,417,12,,0,0,429,
ECUADOR,30/04/2020,259,17,,0,0,276,
ECUADOR,01/05/2020,1402,163,,0,0,1565,
ECUADOR,02/05/2020,1128,308,,0,0,1436,
ECUADOR,03/05/2020,2074,193,,0,0,2267,
ECUADOR,04/05/2020,2343,5,,0,0,2348,
ECUADOR,05/05/2020,0,0,,0,0,0,
ECUADOR,06/05/2020,2461,49,,0,0,2510,
ECUADOR,07/05/2020,878,36,,0,0,914,
ECUADOR,08/05/2020,1480,50,,0,0,1530,
ECUADOR,09/05/2020,253,13,,0,0,266,
ECUADOR,10/05/2020,488,410,,0,0,898,
ECUADOR,11/05/2020,50,18,,0,0,68,
ECUADOR,12/05/2020,910,182,,0,0,1092,
ECUADOR,13/05/2020,67,7,,0,0,74,
ECUADOR,14/05/2020,16,4,,0,0,20,
ECUADOR,15/05/2020,965,256,,0,0,1221,
ECUADOR,16/05/2020,1256,94,,0,0,1350,
ECUADOR,17/05/2020,459,48,,0,0,507,
ECUADOR,18/05/2020,400,63,,0,0,463,
ECUADOR,19/05/2020,569,40,,0,0,609,
ECUADOR,20/05/2020,703,49,,0,0,752,
ECUADOR,21/05/2020,452,51,,0,0,503,
ECUADOR,22/05/2020,522,117,,0,0,639,
ECUADOR,23/05/2020,430,40,,0,0,470,
ECUADOR,24/05/2020,498,12,,0,0,510,
ECUADOR,25/05/2020,599,95,,0,0,694,
ECUADOR,26/05/2020,301,18,,0,0,319,
ECUADOR,27/05/2020,447,54,,0,0,501,
ECUADOR,28/05/2020,368,38,,0,0,406,
ECUADOR,29/05/2020,100,21,,0,0,121,
ECUADOR,30/05/2020,272,12,,0,0,284,
ECUADOR,31/05/2020,255,12,,0,0,267,
ECUADOR,01/06/2020,896,36,,0,0,932,
ECUADOR,02/06/2020,420,44,,0,0,464,
ECUADOR,03/06/2020,552,48,,0,0,600,
ECUADOR,04/06/2020,609,48,,0,0,657,
ECUADOR,05/06/2020,531,58,,0,0,589,
ECUADOR,06/06/2020,622,16,,0,0,638,
ECUADOR,07/06/2020,392,13,,0,0,405,
ECUADOR,08/06/2020,258,21,,0,0,279,
ECUADOR,09/06/2020,539,48,,0,0,587,
ECUADOR,10/06/2020,523,30,,0,0,553,
ECUADOR,11/06/2020,642,48,,0,0,690,
ECUADOR,12/06/2020,696,60,,0,0,756,
ECUADOR,13/06/2020,578,46,,0,0,624,
ECUADOR,14/06/2020,395,22,,0,0,417,
ECUADOR,15/06/2020,571,33,,0,0,604,
ECUADOR,16/06/2020,621,41,,0,0,662,
ECUADOR,17/06/2020,547,37,,0,0,584,
ECUADOR,18/06/2020,607,80,,0,0,687,
ECUADOR,19/06/2020,634,69,,0,0,703,
ECUADOR,20/06/2020,452,43,,0,0,495,
ECUADOR,21/06/2020,457,24,,0,0,481,
ECUADOR,22/06/2020,275,23,,0,0,298,
ECUADOR,23/06/2020,728,28,,0,0,756,
ECUADOR,24/06/2020,691,35,,0,0,726,
ECUADOR,25/06/2020,822,34,,0,0,856,
ECUADOR,26/06/2020,700,63,,0,0,763,
ECUADOR,27/06/2020,718,18,,0,0,736,
ECUADOR,28/06/2020,681,5,,0,0,686,
ECUADOR,29/06/2020,410,73,,0,0,483,
ECUADOR,30/06/2020,677,25,,0,0,702,
EL SALVADOR,18/03/2020,1,0,0,0,,1,
EL SALVADOR,19/03/2020,0,0,0,0,,0,
EL SALVADOR,20/03/2020,2,0,0,0,,2,
EL SALVADOR,21/03/2020,0,0,0,0,,0,
EL SALVADOR,22/03/2020,0,0,0,0,,0,
EL SALVADOR,23/03/2020,2,0,0,0,,2,
EL SALVADOR,24/03/2020,4,0,0,0,,4,
EL SALVADOR,25/03/2020,4,0,0,0,,4,
EL SALVADOR,26/03/2020,0,0,0,0,,0,
EL SALVADOR,27/03/2020,6,0,0,0,,6,
EL SALVADOR,28/03/2020,5,0,0,0,,5,
EL SALVADOR,29/03/2020,6,0,0,0,,6,
EL SALVADOR,30/03/2020,2,0,0,0,,2,
EL SALVADOR,31/03/2020,0,1,0,0,,1,
EL SALVADOR,01/04/2020,9,1,0,0,,10,
EL SALVADOR,02/04/2020,5,0,0,0,,5,
EL SALVADOR,03/04/2020,10,1,0,0,,11,
EL SALVADOR,04/04/2020,6,0,0,0,,6,
EL SALVADOR,05/04/2020,7,0,0,0,,7,
EL SALVADOR,06/04/2020,9,1,3,0,,7,
EL SALVADOR,07/04/2020,15,1,0,0,,16,
EL SALVADOR,08/04/2020,10,0,5,0,,5,
EL SALVADOR,09/04/2020,14,1,5,0,,10,
EL SALVADOR,10/04/2020,1,0,4,0,,-3,
EL SALVADOR,11/04/2020,7,0,0,0,,7,
EL SALVADOR,12/04/2020,12,0,2,0,,10,
EL SALVADOR,13/04/2020,12,0,4,0,,8,
EL SALVADOR,14/04/2020,10,0,5,0,,5,
EL SALVADOR,15/04/2020,5,0,3,0,,2,
EL SALVADOR,16/04/2020,13,1,5,0,,9,
EL SALVADOR,17/04/2020,13,0,5,0,,8,
EL SALVADOR,18/04/2020,11,0,1,0,0,10,
EL SALVADOR,19/04/2020,17,0,2,0,0,15,
EL SALVADOR,20/04/2020,7,0,2,0,0,5,
EL SALVADOR,21/04/2020,12,0,15,0,0,-3,
EL SALVADOR,22/04/2020,13,1,4,0,0,10,
EL SALVADOR,23/04/2020,11,0,5,0,0,6,
EL SALVADOR,24/04/2020,13,0,3,0,0,10,
EL SALVADOR,25/04/2020,24,0,8,0,0,16,
EL SALVADOR,26/04/2020,25,0,6,0,0,19,
EL SALVADOR,27/04/2020,22,0,8,0,0,14,
EL SALVADOR,28/04/2020,32,1,9,0,0,24,
EL SALVADOR,29/04/2020,18,0,12,0,0,6,
EL SALVADOR,30/04/2020,29,1,6,0,0,24,
EL SALVADOR,01/05/2020,22,0,14,0,0,8,
EL SALVADOR,02/05/2020,44,1,16,0,0,29,
EL SALVADOR,03/05/2020,65,1,26,0,0,40,
EL SALVADOR,04/05/2020,32,1,21,0,0,12,
EL SALVADOR,05/05/2020,46,1,18,0,0,29,
EL SALVADOR,06/05/2020,62,1,26,0,0,37,
EL SALVADOR,07/05/2020,47,0,12,0,0,35,
EL SALVADOR,08/05/2020,42,1,19,0,0,24,
EL SALVADOR,09/05/2020,105,1,17,0,0,89,
EL SALVADOR,10/05/2020,69,0,32,0,0,37,
EL SALVADOR,11/05/2020,40,1,24,0,0,17,
EL SALVADOR,12/05/2020,39,2,25,0,0,16,
EL SALVADOR,13/05/2020,75,0,31,0,0,44,
EL SALVADOR,14/05/2020,98,3,11,0,0,90,
EL SALVADOR,15/05/2020,55,2,25,0,0,32,
EL SALVADOR,16/05/2020,73,2,21,0,0,54,
EL SALVADOR,17/05/2020,75,3,12,0,0,66,
EL SALVADOR,18/05/2020,85,0,28,0,0,57,
EL SALVADOR,19/05/2020,73,1,29,0,0,45,
EL SALVADOR,20/05/2020,69,1,9,0,0,61,
EL SALVADOR,21/05/2020,85,1,22,0,0,64,
EL SALVADOR,22/05/2020,94,0,8,0,0,86,
EL SALVADOR,23/05/2020,96,2,24,0,0,74,
EL SALVADOR,24/05/2020,68,0,104,0,0,-36,
EL SALVADOR,25/05/2020,59,1,89,0,0,-29,
EL SALVADOR,26/05/2020,67,1,86,0,0,-18,
EL SALVADOR,27/05/2020,85,2,129,0,0,-42,
EL SALVADOR,28/05/2020,84,3,13,0,0,74,
EL SALVADOR,29/05/2020,117,2,11,0,0,108,
EL SALVADOR,30/05/2020,122,2,14,0,0,110,
EL SALVADOR,31/05/2020,65,0,23,0,0,42,
EL SALVADOR,01/06/2020,71,0,53,0,0,18,
EL SALVADOR,02/06/2020,52,3,63,0,0,-8,
EL SALVADOR,03/06/2020,76,2,29,0,0,49,
EL SALVADOR,04/06/2020,68,2,41,0,0,29,
EL SALVADOR,05/06/2020,85,0,32,0,0,53,
EL SALVADOR,06/06/2020,81,0,24,0,0,57,
EL SALVADOR,07/06/2020,89,2,56,0,0,35,
EL SALVADOR,08/06/2020,87,3,52,0,0,38,
EL SALVADOR,09/06/2020,83,2,25,0,0,60,
EL SALVADOR,10/06/2020,99,4,59,0,0,44,
EL SALVADOR,11/06/2020,108,4,90,0,0,22,
EL SALVADOR,12/06/2020,122,4,151,0,0,-25,
EL SALVADOR,13/06/2020,117,0,99,0,0,18,
EL SALVADOR,14/06/2020,106,2,75,0,0,33,
EL SALVADOR,15/06/2020,115,2,129,0,0,-12,
EL SALVADOR,16/06/2020,125,2,96,0,0,31,
EL SALVADOR,17/06/2020,134,4,98,0,0,40,
EL SALVADOR,18/06/2020,129,4,75,0,0,58,
EL SALVADOR,19/06/2020,146,7,139,0,0,14,
EL SALVADOR,20/06/2020,151,5,86,0,0,70,
EL SALVADOR,21/06/2020,182,9,120,0,0,71,
EL SALVADOR,22/06/2020,165,6,159,0,0,12,
EL SALVADOR,23/06/2020,177,6,110,0,0,73,
EL SALVADOR,24/06/2020,186,7,192,0,0,1,
EL SALVADOR,25/06/2020,181,7,175,0,0,13,
EL SALVADOR,26/06/2020,210,10,156,0,0,64,
EL SALVADOR,27/06/2020,207,9,110,0,0,106,
EL SALVADOR,28/06/2020,239,12,91,0,0,160,
EL SALVADOR,29/06/2020,265,10,122,0,0,153,
EL SALVADOR,30/06/2020,298,8,194,0,0,112,
EL SALVADOR,01/07/2020,264,9,151,0,0,,
EL SALVADOR,02/07/2020,267,11,153,0,0,,
EL SALVADOR,03/07/2020,240,8,166,0,0,,
EL SALVADOR,04/07/2020,270,7,139,0,0,,
EL SALVADOR,05/07/2020,250,6,157,0,0,,
EL SALVADOR,06/07/2020,280,6,199,0,0,,
EL SALVADOR,07/07/2020,259,6,204,0,0,,
EL SALVADOR,08/07/2020,278,8,156,0,0,,
EL SALVADOR,09/07/2020,298,6,139,0,0,,
EL SALVADOR,10/07/2020,249,5,88,0,0,,
EL SALVADOR,11/07/2020,283,6,118,0,0,,
EL SALVADOR,12/07/2020,304,7,98,0,0,,
EL SALVADOR,13/07/2020,325,11,187,0,0,,
EL SALVADOR,14/07/2020,342,8,201,0,0,,
EL SALVADOR,15/07/2020,312,12,137,0,0,,
EL SALVADOR,16/07/2020,250,11,165,0,0,,
EL SALVADOR,17/07/2020,301,15,138,0,0,,
EL SALVADOR,18/07/2020,338,11,145,0,0,,
EL SALVADOR,19/07/2020,361,9,126,0,0,,
EL SALVADOR,20/07/2020,375,8,134,0,0,,
EL SALVADOR,21/07/2020,393,11,154,0,0,,
EL SALVADOR,22/07/2020,402,9,157,0,0,,
EL SALVADOR,23/07/2020,415,7,139,0,0,,
EL SALVADOR,24/07/2020,429,11,134,0,0,,
EL SALVADOR,25/07/2020,409,10,99,0,0,,
EL SALVADOR,26/07/2020,405,8,130,0,0,,
EL SALVADOR,27/07/2020,411,9,125,0,0,,
EL SALVADOR,28/07/2020,395,13,168,0,0,,
EL SALVADOR,29/07/2020,389,9,135,0,0,,
EL SALVADOR,30/07/2020,402,9,156,0,0,,
EL SALVADOR,31/07/2020,418,11,133,0,0,,
EL SALVADOR,01/08/2020,398,8,139,0,0,,
EL SALVADOR,02/08/2020,395,10,175,0,0,,
EL SALVADOR,03/08/2020,419,9,36,0,0,,
EL SALVADOR,04/08/2020,439,12,266,0,0,,
EL SALVADOR,05/08/2020,425,15,125,0,0,,
EL SALVADOR,06/08/2020,418,7,143,0,0,,
EL SALVADOR,07/08/2020,434,16,136,0,0,,
EL SALVADOR,08/08/2020,445,13,111,0,0,,
EL SALVADOR,09/08/2020,449,14,26,0,0,,
EL SALVADOR,10/08/2020,397,7,223,0,0,,
EL SALVADOR,11/08/2020,375,7,181,0,0,,
EL SALVADOR,12/08/2020,349,7,198,0,0,,
EL SALVADOR,13/08/2020,321,11,201,0,0,,
EL SALVADOR,14/08/2020,305,8,163,0,0,,
EL SALVADOR,15/08/2020,293,9,189,0,0,,
EL SALVADOR,16/08/2020,281,6,170,0,0,,
EL SALVADOR,17/08/2020,269,7,202,0,0,,
EL SALVADOR,18/08/2020,255,8,209,0,0,,
EL SALVADOR,19/08/2020,247,7,40,0,0,,
EL SALVADOR,20/08/2020,236,6,353,0,0,,
EL SALVADOR,21/08/2020,220,8,240,0,0,,
EL SALVADOR,22/08/2020,202,7,225,0,0,,
EL SALVADOR,23/08/2020,,,,,,,
GUATEMALA,13/03/2020,1,0,0,0,,1,
GUATEMALA,14/03/2020,0,0,0,0,,0,
GUATEMALA,15/03/2020,6,1,0,0,,7,
GUATEMALA,16/03/2020,0,0,0,0,,0,
GUATEMALA,17/03/2020,1,0,0,0,,1,
GUATEMALA,18/03/2020,3,0,0,0,,3,
GUATEMALA,19/03/2020,4,0,0,0,,4,
GUATEMALA,20/03/2020,5,0,0,0,,5,
GUATEMALA,21/03/2020,1,0,0,0,,1,
GUATEMALA,22/03/2020,3,0,0,0,,3,
GUATEMALA,23/03/2020,0,0,0,0,,0,
GUATEMALA,24/03/2020,3,0,0,0,,3,
GUATEMALA,25/03/2020,4,0,4,0,,0,
GUATEMALA,26/03/2020,0,0,1,0,,-1,
GUATEMALA,27/03/2020,6,0,0,0,,6,
GUATEMALA,28/03/2020,3,0,5,0,,-2,
GUATEMALA,29/03/2020,3,0,0,0,,3,
GUATEMALA,30/03/2020,3,0,0,0,,3,
GUATEMALA,31/03/2020,6,0,2,0,,4,
GUATEMALA,01/04/2020,2,0,0,0,,2,
GUATEMALA,02/04/2020,6,0,0,0,,6,
GUATEMALA,03/04/2020,9,0,0,0,,9,
GUATEMALA,04/04/2020,2,2,3,0,,1,
GUATEMALA,05/04/2020,10,1,0,0,,11,
GUATEMALA,06/04/2020,5,0,2,0,,3,
GUATEMALA,07/04/2020,7,0,0,0,,7,
GUATEMALA,08/04/2020,40,0,0,0,,40,
GUATEMALA,09/04/2020,10,0,0,0,,10,
GUATEMALA,10/04/2020,6,0,2,0,,4,
GUATEMALA,11/04/2020,19,2,0,0,,21,
GUATEMALA,12/04/2020,9,0,0,0,,9,
GUATEMALA,13/04/2020,4,0,0,0,0,4,
GUATEMALA,14/04/2020,8,0,0,0,0,8,
GUATEMALA,15/04/2020,74,0,0,0,0,74,
GUATEMALA,16/04/2020,19,1,2,0,0,18,
GUATEMALA,17/04/2020,7,2,0,0,0,9,
GUATEMALA,18/04/2020,3,1,0,0,0,4,
GUATEMALA,19/04/2020,18,0,1,0,0,17,
GUATEMALA,20/04/2020,13,1,2,0,0,12,
GUATEMALA,21/04/2020,66,1,0,0,0,67,
GUATEMALA,22/04/2020,41,0,1,0,0,40,
GUATEMALA,23/04/2020,43,1,5,0,0,39,
GUATEMALA,24/04/2020,12,0,0,0,0,12,
GUATEMALA,25/04/2020,67,3,15,0,0,55,
GUATEMALA,26/04/2020,17,0,4,0,0,13,
GUATEMALA,27/04/2020,26,0,0,0,0,26,
GUATEMALA,28/04/2020,21,1,13,0,0,9,
GUATEMALA,29/04/2020,35,0,3,0,0,32,
GUATEMALA,30/04/2020,31,0,1,0,0,30,
GUATEMALA,01/05/2020,34,1,6,0,0,29,
GUATEMALA,02/05/2020,6,1,0,0,0,7,
GUATEMALA,03/05/2020,10,1,0,0,0,11,
GUATEMALA,04/05/2020,38,1,7,0,0,32,
GUATEMALA,05/05/2020,21,1,0,0,0,22,
GUATEMALA,06/05/2020,42,1,7,0,0,36,
GUATEMALA,07/05/2020,58,2,4,0,0,56,
GUATEMALA,08/05/2020,28,1,11,0,0,18,
GUATEMALA,09/05/2020,144,0,3,0,0,141,
GUATEMALA,10/05/2020,49,0,6,0,0,43,
GUATEMALA,11/05/2020,64,4,1,0,0,67,
GUATEMALA,12/05/2020,79,2,9,0,0,72,
GUATEMALA,13/05/2020,138,2,1,0,0,139,
GUATEMALA,14/05/2020,175,3,8,0,0,170,
GUATEMALA,15/05/2020,158,2,6,0,0,154,
GUATEMALA,16/05/2020,106,4,3,0,0,107,
GUATEMALA,17/05/2020,87,6,0,0,0,93,
GUATEMALA,18/05/2020,155,6,1,0,0,160,
GUATEMALA,19/05/2020,246,6,16,0,0,236,
GUATEMALA,20/05/2020,211,8,4,0,0,215,
GUATEMALA,21/05/2020,300,9,63,0,0,246,
GUATEMALA,22/05/2020,424,8,0,0,0,432,
GUATEMALA,23/05/2020,269,9,22,0,0,256,
GUATEMALA,24/05/2020,339,13,14,0,0,338,
GUATEMALA,25/05/2020,302,8,16,0,0,294,
GUATEMALA,26/05/2020,257,11,15,0,0,253,
GUATEMALA,27/05/2020,306,13,204,0,0,115,
GUATEMALA,28/05/2020,269,12,72,0,0,209,
GUATEMALA,29/05/2020,211,23,83,0,0,151,
GUATEMALA,30/05/2020,299,12,58,0,0,253,
GUATEMALA,31/05/2020,198,14,29,0,0,183,
GUATEMALA,01/06/2020,279,16,60,0,0,235,
GUATEMALA,02/06/2020,179,14,29,0,0,164,
GUATEMALA,03/06/2020,265,29,105,0,0,189,
GUATEMALA,04/06/2020,411,12,50,0,0,373,
GUATEMALA,05/06/2020,397,16,74,0,0,339,
GUATEMALA,06/06/2020,286,21,60,0,0,247,
GUATEMALA,07/06/2020,316,14,148,0,0,182,
GUATEMALA,08/06/2020,343,24,62,0,0,305,
GUATEMALA,09/06/2020,365,21,90,0,0,296,
GUATEMALA,10/06/2020,431,22,91,0,0,362,
GUATEMALA,11/06/2020,218,29,63,0,0,184,
GUATEMALA,12/06/2020,413,24,135,0,0,302,
GUATEMALA,13/06/2020,96,21,102,0,0,15,
GUATEMALA,14/06/2020,304,21,82,0,0,243,
GUATEMALA,15/06/2020,554,28,80,0,0,502,
GUATEMALA,16/06/2020,718,22,130,0,0,610,
GUATEMALA,17/06/2020,552,22,104,0,0,470,
GUATEMALA,18/06/2020,810,34,90,0,0,754,
GUATEMALA,19/06/2020,486,20,129,0,0,377,
GUATEMALA,20/06/2020,253,15,139,0,0,129,
GUATEMALA,21/06/2020,418,29,153,0,0,294,
GUATEMALA,22/06/2020,779,27,107,0,0,699,
GUATEMALA,23/06/2020,777,28,79,0,0,726,
GUATEMALA,24/06/2020,348,32,33,0,0,347,
GUATEMALA,25/06/2020,1028,30,19,0,0,1039,
GUATEMALA,26/06/2020,673,32,79,0,0,626,
GUATEMALA,27/06/2020,571,40,95,0,0,516,
GUATEMALA,28/06/2020,473,41,29,0,0,485,
GUATEMALA,29/06/2020,758,38,18,0,0,778,
GUATEMALA,30/06/2020,1007,29,24,0,0,1012,
GUATEMALA,01/07/2020,1132,37,,,,,
GUATEMALA,02/07/2020,1280,38,,,,,
GUATEMALA,03/07/2020,1324,36,,,,,
GUATEMALA,04/07/2020,790,34,,,,,
GUATEMALA,05/07/2020,700,42,,,,,
GUATEMALA,06/07/2020,898,58,,,,,
GUATEMALA,07/07/2020,674,32,,,,,
GUATEMALA,08/07/2020,1238,50,,,,,
GUATEMALA,09/07/2020,1002,45,,,,,
GUATEMALA,10/07/2020,1007,54,,,,,
GUATEMALA,11/07/2020,805,52,,,,,
GUATEMALA,12/07/2020,408,40,,,,,
GUATEMALA,13/07/2020,1220,55,,,,,
GUATEMALA,14/07/2020,1259,32,,,,,
GUATEMALA,15/07/2020,938,35,,,,,
GUATEMALA,16/07/2020,1021,44,,,,,
GUATEMALA,17/07/2020,1191,37,,,,,
GUATEMALA,18/07/2020,666,53,,,,,
GUATEMALA,19/07/2020,340,34,,,,,
GUATEMALA,20/07/2020,1293,42,,,,,
GUATEMALA,21/07/2020,1128,26,,,,,
GUATEMALA,22/07/2020,1073,40,,,,,
GUATEMALA,23/07/2020,1018,31,,,,,
GUATEMALA,24/07/2020,1273,35,,,,,
GUATEMALA,25/07/2020,637,30,,,,,
GUATEMALA,26/07/2020,260,32,,,,,
GUATEMALA,27/07/2020,1207,33,,,,,
GUATEMALA,28/07/2020,1178,27,,,,,
GUATEMALA,29/07/2020,1276,37,,,,,
GUATEMALA,30/07/2020,1002,26,,,,,
GUATEMALA,31/07/2020,1167,19,,,,,
GUATEMALA,01/08/2020,358,24,,,,,
GUATEMALA,02/08/2020,226,36,,,,,
GUATEMALA,03/08/2020,794,26,,,,,
GUATEMALA,04/08/2020,1145,30,,,,,
GUATEMALA,05/08/2020,826,31,,,,,
GUATEMALA,06/08/2020,948,13,,,,,
GUATEMALA,07/08/2020,920,27,,,,,
GUATEMALA,08/08/2020,424,11,,,,,
GUATEMALA,09/08/2020,391,17,,,,,
GUATEMALA,10/08/2020,1005,31,,,,,
GUATEMALA,11/08/2020,1179,26,,,,,
GUATEMALA,12/08/2020,1232,23,,,,,
GUATEMALA,13/08/2020,1138,24,,,,,
GUATEMALA,14/08/2020,894,19,,,,,
GUATEMALA,15/08/2020,339,9,,,,,
GUATEMALA,16/08/2020,310,22,,,,,
GUATEMALA,17/08/2020,914,13,,,,,
GUATEMALA,18/08/2020,1051,25,,,,,
GUATEMALA,19/08/2020,1137,16,,,,,
GUATEMALA,20/08/2020,1061,18,,,,,
GUATEMALA,21/08/2020,944,13,,,,,
GUATEMALA,22/08/2020,334,,,,,,
GUATEMALA,23/08/2020,,,,,,,
MEXICO,28/02/2020,3,0,0,0,,3,
MEXICO,29/02/2020,1,0,0,0,,1,
MEXICO,01/03/2020,1,0,0,0,,1,
MEXICO,02/03/2020,0,0,0,0,,0,
MEXICO,03/03/2020,0,0,0,0,,0,
MEXICO,04/03/2020,0,0,0,0,,0,
MEXICO,05/03/2020,0,0,0,0,,0,
MEXICO,06/03/2020,1,0,0,0,,1,
MEXICO,07/03/2020,1,0,0,0,,1,
MEXICO,08/03/2020,0,0,0,0,,0,
MEXICO,09/03/2020,0,0,0,0,,0,
MEXICO,10/03/2020,1,0,0,0,,1,
MEXICO,11/03/2020,3,0,0,0,,3,
MEXICO,12/03/2020,4,0,0,0,,4,
MEXICO,13/03/2020,11,0,0,0,,11,
MEXICO,14/03/2020,15,0,0,0,,15,
MEXICO,15/03/2020,12,0,0,0,,12,
MEXICO,16/03/2020,29,0,0,0,,29,
MEXICO,17/03/2020,11,0,0,0,,11,
MEXICO,18/03/2020,25,0,0,0,,25,
MEXICO,19/03/2020,46,0,3,0,,43,
MEXICO,20/03/2020,39,2,0,0,,41,
MEXICO,21/03/2020,48,0,0,0,,48,
MEXICO,22/03/2020,65,0,0,0,,65,
MEXICO,23/03/2020,51,2,0,0,,53,
MEXICO,24/03/2020,38,1,0,0,,39,
MEXICO,25/03/2020,70,1,0,0,,71,
MEXICO,26/03/2020,110,2,0,0,,112,
MEXICO,27/03/2020,132,4,0,0,,136,
MEXICO,28/03/2020,131,4,0,0,0,135,
MEXICO,29/03/2020,145,4,0,0,0,149,
MEXICO,30/03/2020,101,8,0,0,0,109,
MEXICO,31/03/2020,121,1,0,0,0,122,
MEXICO,01/04/2020,163,8,0,0,0,171,
MEXICO,02/04/2020,132,13,0,0,0,145,
MEXICO,03/04/2020,178,10,0,0,0,188,
MEXICO,04/04/2020,202,19,0,0,0,221,
MEXICO,05/04/2020,253,15,0,0,0,268,
MEXICO,06/04/2020,296,31,0,0,0,327,
MEXICO,07/04/2020,346,16,0,0,0,362,
MEXICO,08/04/2020,396,33,0,0,0,429,
MEXICO,09/04/2020,260,20,0,0,0,280,
MEXICO,10/04/2020,403,39,0,0,0,442,
MEXICO,11/04/2020,375,40,1,0,0,414,
MEXICO,12/04/2020,442,23,1088,0,0,-623,
MEXICO,13/04/2020,353,36,242,0,0,147,
MEXICO,14/04/2020,385,74,161,0,0,298,
MEXICO,15/04/2020,448,43,157,0,0,334,
MEXICO,16/04/2020,450,37,169,0,0,318,
MEXICO,17/04/2020,578,60,176,0,0,462,
MEXICO,18/04/2020,622,104,220,0,0,506,
MEXICO,19/04/2020,764,36,240,0,0,560,
MEXICO,20/04/2020,511,26,0,0,0,537,
MEXICO,21/04/2020,729,145,0,0,0,874,
MEXICO,22/04/2020,1043,113,0,0,0,1156,
MEXICO,23/04/2020,1089,99,0,0,0,1188,
MEXICO,24/04/2020,1239,152,0,0,0,1391,
MEXICO,25/04/2020,970,84,4062,0,0,-3008,
MEXICO,26/04/2020,835,46,1205,0,0,-324,
MEXICO,27/04/2020,852,83,732,0,0,203,
MEXICO,28/04/2020,1223,135,768,0,0,590,
MEXICO,29/04/2020,1047,163,769,0,0,441,
MEXICO,30/04/2020,1425,127,800,0,0,752,
MEXICO,01/05/2020,1515,113,954,0,0,674,
MEXICO,02/05/2020,1349,89,1070,0,0,368,
MEXICO,03/05/2020,1383,93,937,0,0,539,
MEXICO,04/05/2020,1434,117,1554,0,0,-3,
MEXICO,05/05/2020,1120,236,872,0,0,484,
MEXICO,06/05/2020,1609,197,971,0,0,835,
MEXICO,07/05/2020,1982,257,1072,0,0,1167,
MEXICO,08/05/2020,1906,199,1461,0,0,644,
MEXICO,09/05/2020,1938,193,1510,0,0,621,
MEXICO,10/05/2020,1562,112,1276,0,0,398,
MEXICO,11/05/2020,1305,108,1366,0,0,47,
MEXICO,12/05/2020,1997,353,1115,0,0,1235,
MEXICO,13/05/2020,1862,294,1409,0,0,747,
MEXICO,14/05/2020,2409,257,1485,0,0,1181,
MEXICO,15/05/2020,2437,290,1976,0,0,751,
MEXICO,16/05/2020,2112,278,1397,0,0,993,
MEXICO,17/05/2020,2075,132,1481,0,0,726,
MEXICO,18/05/2020,2414,155,2059,0,0,510,
MEXICO,19/05/2020,2713,334,1937,0,0,1110,
MEXICO,20/05/2020,2248,424,1551,0,0,1121,
MEXICO,21/05/2020,2973,420,1781,0,0,1612,
MEXICO,22/05/2020,2960,479,2068,0,0,1371,
MEXICO,23/05/2020,3329,190,2194,0,0,1325,
MEXICO,24/05/2020,2764,215,2505,0,0,474,
MEXICO,25/05/2020,2485,239,2466,0,0,258,
MEXICO,26/05/2020,3455,501,2329,0,0,1627,
MEXICO,27/05/2020,3463,463,2164,0,0,1762,
MEXICO,28/05/2020,3377,447,2255,0,0,1569,
MEXICO,29/05/2020,3227,371,2972,0,0,626,
MEXICO,30/05/2020,2885,364,2261,0,0,988,
MEXICO,31/05/2020,3152,151,2455,0,0,848,
MEXICO,01/06/2020,2771,237,3165,0,0,-157,
MEXICO,02/06/2020,3891,470,2817,0,0,1544,
MEXICO,03/06/2020,3912,1092,2963,0,0,2041,
MEXICO,04/06/2020,4442,816,2177,0,0,3081,
MEXICO,05/06/2020,4346,625,3142,0,0,1829,
MEXICO,06/06/2020,3593,341,2954,0,0,980,
MEXICO,07/06/2020,3484,188,2875,0,0,797,
MEXICO,08/06/2020,2999,354,3798,0,0,-445,
MEXICO,09/06/2020,4199,596,3195,0,0,1600,
MEXICO,10/06/2020,4883,708,3321,0,0,2270,
MEXICO,11/06/2020,4790,587,3331,0,0,2046,
MEXICO,12/06/2020,5222,504,3703,0,0,2023,
MEXICO,13/06/2020,3494,424,3208,0,0,710,
MEXICO,14/06/2020,4147,269,3135,0,0,1281,
MEXICO,15/06/2020,3427,439,4896,0,0,-1030,
MEXICO,16/06/2020,4599,730,3172,0,0,2157,
MEXICO,17/06/2020,4930,770,3177,0,0,2523,
MEXICO,18/06/2020,5662,667,3740,0,0,2589,
MEXICO,19/06/2020,5030,647,4237,0,0,1440,
MEXICO,20/06/2020,4717,387,4354,0,0,750,
MEXICO,21/06/2020,5343,1044,3593,0,0,2794,
MEXICO,22/06/2020,4577,759,4839,0,0,497,
MEXICO,23/06/2020,6288,793,4330,0,0,2751,
MEXICO,24/06/2020,5437,947,4870,0,0,1514,
MEXICO,25/06/2020,6104,736,,0,0,6840,
MEXICO,26/06/2020,5441,719,,0,0,6160,
MEXICO,27/06/2020,4410,602,,0,0,5012,
MEXICO,28/06/2020,4050,267,,0,0,4317,
MEXICO,29/06/2020,3805,473,,0,0,4278,
MEXICO,30/06/2020,5432,648,,0,0,6080,
MEXICO,01/07/2020,,,,,,,
MEXICO,02/07/2020,,,,,,,
MEXICO,03/07/2020,,,,,,,
MEXICO,04/07/2020,,,,,,,
MEXICO,05/07/2020,,,,,,,
MEXICO,06/07/2020,,,,,,,
MEXICO,07/07/2020,,,,,,,
MEXICO,08/07/2020,,,,,,,
MEXICO,09/07/2020,,,,,,,
MEXICO,10/07/2020,,,,,,,
MEXICO,11/07/2020,,,,,,,
MEXICO,12/07/2020,,,,,,,
MEXICO,13/07/2020,,,,,,,
MEXICO,14/07/2020,,,,,,,
MEXICO,15/07/2020,,,,,,,
MEXICO,16/07/2020,,,,,,,
MEXICO,17/07/2020,,,,,,,
MEXICO,18/07/2020,,,,,,,
MEXICO,19/07/2020,,,,,,,
MEXICO,20/07/2020,,,,,,,
MEXICO,21/07/2020,,,,,,,
MEXICO,22/07/2020,,,,,,,
MEXICO,23/07/2020,,,,,,,
MEXICO,24/07/2020,,,,,,,
MEXICO,25/07/2020,,,,,,,
MEXICO,26/07/2020,,,,,,,
MEXICO,27/07/2020,,,,,,,
MEXICO,28/07/2020,,,,,,,
MEXICO,29/07/2020,,,,,,,
MEXICO,30/07/2020,,,,,,,
MEXICO,31/07/2020,,,,,,,
MEXICO,01/08/2020,,,,,,,
MEXICO,02/08/2020,,,,,,,
MEXICO,03/08/2020,,,,,,,
MEXICO,04/08/2020,,,,,,,
MEXICO,05/08/2020,,,,,,,
MEXICO,06/08/2020,,,,,,,
MEXICO,07/08/2020,,,,,,,
MEXICO,08/08/2020,,,,,,,
MEXICO,09/08/2020,,,,,,,
MEXICO,10/08/2020,,,,,,,
MEXICO,11/08/2020,,,,,,,
MEXICO,12/08/2020,,,,,,,
MEXICO,13/08/2020,,,,,,,
MEXICO,14/08/2020,,,,,,,
MEXICO,15/08/2020,,,,,,,
MEXICO,16/08/2020,,,,,,,
MEXICO,17/08/2020,,,,,,,
MEXICO,18/08/2020,,,,,,,
MEXICO,19/08/2020,,,,,,,
MEXICO,20/08/2020,,,,,,,
MEXICO,21/08/2020,,,,,,,
MEXICO,22/08/2020,,,,,,,
MEXICO,23/08/2020,,,,,,,
PARAGUAY,07/03/2020,1,0,0,0,0,1,
PARAGUAY,08/03/2020,0,0,0,0,0,0,
PARAGUAY,09/03/2020,0,0,0,0,0,0,
PARAGUAY,10/03/2020,4,0,0,0,0,4,
PARAGUAY,11/03/2020,0,0,0,0,0,0,
PARAGUAY,12/03/2020,1,0,0,0,0,1,
PARAGUAY,13/03/2020,1,0,0,0,0,1,
PARAGUAY,14/03/2020,0,0,0,0,0,0,
PARAGUAY,15/03/2020,1,0,0,0,0,1,
PARAGUAY,16/03/2020,1,0,0,0,0,1,
PARAGUAY,17/03/2020,2,0,0,0,0,2,
PARAGUAY,18/03/2020,0,0,0,0,0,0,
PARAGUAY,19/03/2020,2,0,0,0,0,2,
PARAGUAY,20/03/2020,5,1,0,0,0,6,
PARAGUAY,21/03/2020,4,0,0,2,0,4,
PARAGUAY,22/03/2020,0,0,0,0,0,0,
PARAGUAY,23/03/2020,5,1,0,0,0,6,
PARAGUAY,24/03/2020,10,1,0,0,0,11,
PARAGUAY,25/03/2020,4,0,0,2,0,4,
PARAGUAY,26/03/2020,11,0,1,0,0,10,
PARAGUAY,27/03/2020,4,0,0,0,0,4,
PARAGUAY,28/03/2020,3,0,0,0,0,3,
PARAGUAY,29/03/2020,5,0,0,0,0,5,
PARAGUAY,30/03/2020,1,0,0,0,0,1,
PARAGUAY,31/03/2020,4,0,0,0,0,4,
PARAGUAY,01/04/2020,8,0,1,1,0,7,
PARAGUAY,02/04/2020,15,0,1,0,0,14,
PARAGUAY,03/04/2020,4,0,9,0,0,-5,
PARAGUAY,04/04/2020,8,0,0,3,2,8,
PARAGUAY,05/04/2020,9,2,0,0,0,11,
PARAGUAY,06/04/2020,2,0,3,0,1,-1,
PARAGUAY,07/04/2020,4,0,15,0,1,-11,
PARAGUAY,08/04/2020,5,0,18,0,0,-13,
PARAGUAY,09/04/2020,5,1,18,0,0,-12,
PARAGUAY,10/04/2020,4,0,18,0,0,-14,
PARAGUAY,11/04/2020,1,0,4,0,0,-3,
PARAGUAY,12/04/2020,13,0,0,0,0,13,
PARAGUAY,13/04/2020,12,1,0,0,0,13,
PARAGUAY,14/04/2020,2,1,1,1,0,2,
PARAGUAY,15/04/2020,13,0,7,0,0,6,
PARAGUAY,16/04/2020,25,0,0,2,0,25,
PARAGUAY,17/04/2020,3,0,5,1,0,-2,
PARAGUAY,18/04/2020,4,0,6,1,0,-2,
PARAGUAY,19/04/2020,2,0,5,3,0,-3,
PARAGUAY,20/04/2020,0,0,7,0,0,-7,
PARAGUAY,21/04/2020,5,1,9,0,0,-3,
PARAGUAY,22/04/2020,0,0,5,0,0,-5,
PARAGUAY,23/04/2020,7,0,3,0,0,4,
PARAGUAY,24/04/2020,3,0,8,0,0,-5,
PARAGUAY,25/04/2020,5,0,7,1,0,-2,
PARAGUAY,26/04/2020,0,0,8,0,0,-8,
PARAGUAY,27/04/2020,2,0,2,0,0,0,
PARAGUAY,28/04/2020,9,0,7,0,0,2,
PARAGUAY,29/04/2020,10,0,9,1,0,1,
PARAGUAY,30/04/2020,17,1,2,2,0,16,
PARAGUAY,01/05/2020,67,0,2,0,0,65,
PARAGUAY,02/05/2020,37,0,2,0,0,35,
PARAGUAY,03/05/2020,27,0,7,3,0,20,
PARAGUAY,04/05/2020,19,0,4,0,0,15,
PARAGUAY,05/05/2020,16,0,5,0,0,11,
PARAGUAY,06/05/2020,9,0,7,2,0,2,
PARAGUAY,07/05/2020,22,0,6,0,0,16,
PARAGUAY,08/05/2020,101,0,4,0,0,97,
PARAGUAY,09/05/2020,126,0,3,3,0,123,
PARAGUAY,10/05/2020,24,0,10,0,0,14,
PARAGUAY,11/05/2020,11,0,5,1,0,6,
PARAGUAY,12/05/2020,13,0,3,0,0,10,
PARAGUAY,13/05/2020,3,1,9,0,0,-5,
PARAGUAY,14/05/2020,14,0,2,0,0,12,
PARAGUAY,15/05/2020,5,0,9,0,0,-4,
PARAGUAY,16/05/2020,19,0,5,0,0,14,
PARAGUAY,17/05/2020,8,0,4,0,0,4,
PARAGUAY,18/05/2020,2,0,17,0,0,-15,
PARAGUAY,19/05/2020,41,0,11,0,0,30,
PARAGUAY,20/05/2020,4,0,12,2,0,-8,
PARAGUAY,21/05/2020,3,0,14,1,0,-11,
PARAGUAY,22/05/2020,2,0,8,0,0,-6,
PARAGUAY,23/05/2020,12,0,34,0,0,-22,
PARAGUAY,24/05/2020,12,0,9,0,0,3,
PARAGUAY,25/05/2020,3,0,37,0,0,-34,
PARAGUAY,26/05/2020,12,0,38,1,0,-26,
PARAGUAY,27/05/2020,7,0,10,0,0,-3,
PERU,06/03/2020,1.00,0.00,0.00,0,0,#VALUE!,
PERU,07/03/2020,5.00,0.00,0.00,0,0,#VALUE!,
PERU,08/03/2020,1.00,0.00,0.00,0,0,#VALUE!,
PERU,09/03/2020,2.00,0.00,0.00,0,0,#VALUE!,
PERU,10/03/2020,2.00,0.00,0.00,0,0,#VALUE!,
PERU,11/03/2020,6.00,0.00,0.00,0,0,#VALUE!,
PERU,12/03/2020,5.00,0.00,0.00,0,0,#VALUE!,
PERU,13/03/2020,16.00,0.00,0.00,0,0,#VALUE!,
PERU,14/03/2020,5.00,0.00,0.00,0,0,#VALUE!,
PERU,15/03/2020,28.00,0.00,0.00,1,1,#VALUE!,
PERU,16/03/2020,15.00,0.00,0.00,8,3,#VALUE!,
PERU,17/03/2020,31.00,0.00,0.00,13,3,#VALUE!,
PERU,18/03/2020,28.00,0.00,0.00,19,5,#VALUE!,
PERU,19/03/2020,89.00,2.00,1.00,19,7,#VALUE!,
PERU,20/03/2020,29.00,2.00,0.00,28,5,#VALUE!,
PERU,21/03/2020,55.00,1.00,0.00,29,5,#VALUE!,
PERU,22/03/2020,45.00,0.00,0.00,31,5,#VALUE!,
PERU,23/03/2020,32.00,0.00,0.00,10,7,#VALUE!,
PERU,24/03/2020,21.00,2.00,0.00,23,9,#VALUE!,
PERU,25/03/2020,64.00,2.00,0.00,38,12,#VALUE!,
PERU,26/03/2020,100.00,0.00,13.00,58,13,#VALUE!,
PERU,27/03/2020,55.00,2.00,0.00,79,19,#VALUE!,
PERU,28/03/2020,36.00,5.00,2.00,84,30,#VALUE!,
PERU,29/03/2020,181.00,2.00,0.00,107,37,#VALUE!,
PERU,30/03/2020,98.00,6.00,37.00,238,37,#VALUE!,
PERU,31/03/2020,115.00,6.00,341.00,190,57,#VALUE!,
PERU,01/04/2020,258.00,17.00,53.00,198,56,#VALUE!,
PERU,02/04/2020,91.00,8.00,90.00,189,51,#VALUE!,
PERU,03/04/2020,181.00,6.00,90.00,237,69,#VALUE!,
PERU,04/04/2020,151.00,0.00,287.00,285,88,#VALUE!,
PERU,05/04/2020,535.00,22.00,75.00,321,81,#VALUE!,
PERU,06/04/2020,280.00,9.00,8.00,387,89,#VALUE!,
PERU,07/04/2020,393.00,15.00,234.00,490,109,#VALUE!,
PERU,08/04/2020,"1,388.00",14.00,102.00,512,113,#VALUE!,
PERU,09/04/2020,914.00,17.00,105.00,600,124,#VALUE!,
PERU,10/04/2020,641.00,31.00,131.00,687,130,#VALUE!,
PERU,11/04/2020,951.00,12.00,170.00,788,142,#VALUE!,
PERU,12/04/2020,671.00,12.00,59.00,815,134,#VALUE!,
PERU,13/04/2020,"2,265.00",23.00,844.00,901,143,#VALUE!,
PERU,14/04/2020,519.00,14.00,227.00,914,132,#VALUE!,
PERU,15/04/2020,"1,172.00",24.00,239.00,1,,#VALUE!,
PERU,16/04/2020,"1,016.00",20.00,"3,012.00",1,,#VALUE!,
PERU,17/04/2020,998.00,26.00,421.00,1,,#VALUE!,
PERU,18/04/2020,931.00,48.00,143.00,1,,#VALUE!,
PERU,19/04/2020,"1,208.00",52.00,127.00,1,,#VALUE!,
PERU,20/04/2020,697.00,45.00,157.00,1,,#VALUE!,
PERU,21/04/2020,"1,512.00",39.00,14.00,,,#VALUE!,
PERU,22/04/2020,"1,413.00",46.00,45.00,,,#VALUE!,
PERU,23/04/2020,"1,664.00",42.00,395.00,,,#VALUE!,
PERU,24/04/2020,734.00,62.00,74.00,3,,#VALUE!,
PERU,25/04/2020,"3,683.00",66.00,301.00,,,#VALUE!,
PERU,26/04/2020,"2,186.00",28.00,291.00,,,#VALUE!,
PERU,27/04/2020,"1,182.00",54.00,337.00,,,#VALUE!,
PERU,28/04/2020,"2,491.00",72.00,754.00,,,#VALUE!,
PERU,29/04/2020,"2,741.00",89.00,858.00,,,#VALUE!,
PERU,30/04/2020,"3,045.00",108.00,368.00,,,#VALUE!,
PERU,01/05/2020,"3,483.00",73.00,724.00,,,#VALUE!,
PERU,02/05/2020,"2,075.00",76.00,"1,305.00",,,#VALUE!,
PERU,03/05/2020,"3,394.00",86.00,"1,116.00",,,#VALUE!,
PERU,04/05/2020,"1,444.00",58.00,877.00,,,#VALUE!,
PERU,05/05/2020,"3,817.00",100.00,986.00,,,#VALUE!,
PERU,06/05/2020,"3,628.00",89.00,"2,114.00",,,#VALUE!,
PERU,07/05/2020,"3,709.00",94.00,861.00,,,#VALUE!,
PERU,08/05/2020,"3,321.00",87.00,624.00,,,#VALUE!,
PERU,09/05/2020,"3,168.00",100.00,"1,234.00",,,#VALUE!,
PERU,10/05/2020,"2,292.00",75.00,"1,103.00",,,#VALUE!,
PERU,11/05/2020,"1,515.00",72.00,"1,057.00",,,#VALUE!,
PERU,12/05/2020,"3,237.00",96.00,918.00,,,#VALUE!,
PERU,13/05/2020,"4,247.00",112.00,"1,000.00",,,#VALUE!,
PERU,14/05/2020,"4,298.00",98.00,827.00,,,#VALUE!,
PERU,15/05/2020,"3,891.00",125.00,"1,996.00",,,#VALUE!,
PERU,16/05/2020,"4,046.00",131.00,"1,125.00",,,#VALUE!,
PERU,17/05/2020,"3,732.00",125.00,349.00,,,#VALUE!,
PERU,18/05/2020,"2,660.00",141.00,"1,685.00",,,#VALUE!,
PERU,19/05/2020,"4,550.00",125.00,"6,218.00",,,#VALUE!,
PERU,20/05/2020,"4,537.00",110.00,"5,444.00",,,#VALUE!,
PERU,21/05/2020,"4,749.00",124.00,"1,619.00",,,#VALUE!,
PERU,22/05/2020,"2,929.00",96.00,"1,261.00",,,#VALUE!,
PERU,23/05/2020,"4,056.00",129.00,"3,067.00",,,#VALUE!,
PERU,24/05/2020,"4,205.00",83.00,"1,880.00",,,#VALUE!,
PERU,25/05/2020,"4,020.00",173.00,"1,154.00",,,#VALUE!,
PERU,26/05/2020,"5,772.00",159.00,"1,957.00",,,#VALUE!,
PERU,27/05/2020,"6,154.00",195.00,"3,263.00",,,#VALUE!,
PERU,28/05/2020,"5,874.00",116.00,"3,273.00",,,#VALUE!,
PERU,29/05/2020,"6,506.00",131.00,"3,349.00",,,#VALUE!,
PERU,30/05/2020,"7,386.00",141.00,"3,656.00",,,#VALUE!,
PERU,31/05/2020,"8,805.00",135.00,761.00,,,#VALUE!,
PERU,01/06/2020,"5,563.00",128.00,"1,299.00",,,#VALUE!,
PERU,02/06/2020,"4,845.00",133.00,750.00,,,#VALUE!,
PERU,03/06/2020,"4,030.00",127.00,"3,062.00",,,#VALUE!,
PERU,04/06/2020,"4,284.00",137.00,"3,909.00",,,#VALUE!,
PERU,05/06/2020,"4,202.00",131.00,"2,986.00",,,#VALUE!,
PERU,06/06/2020,"4,358.00",139.00,"3,517.00",9500,1062,#VALUE!,
PERU,07/06/2020,"4,757.00",164.00,"3,488.00",9583,1062,#VALUE!,
PERU,08/06/2020,"3,181.00",106.00,"3,337.00",9661,1072,#VALUE!,
PERU,09/06/2020,"4,040.00",167.00,"3,373.00",9903,1077,#VALUE!,
PERU,10/06/2020,"5,087.00",165.00,"5,102.00",9916,1065,#VALUE!,
PERU,11/06/2020,"5,965.00",206.00,"4,398.00",10026,1069,#VALUE!,
PERU,12/06/2020,"5,961.00",199.00,"4,704.00",10121,1089,#VALUE!,
PERU,13/06/2020,"4,383.00",190.00,"4,591.00",10342,1113,#VALUE!,
PERU,14/06/2020,"4,604.00",190.00,"3,855.00",10297,1111,#VALUE!,
PERU,15/06/2020,"3,256.00",172.00,"3,830.00",10295,1121,#VALUE!,
PERU,16/06/2020,"4,164.00",196.00,"5,796.00",10177,1112,#VALUE!,
PERU,17/06/2020,"3,752.00",201.00,"3,417.00",10204,1111,#VALUE!,
PERU,18/06/2020,"3,480.00",204.00,"2,568.00",10240,1130,#VALUE!,
PERU,19/06/2020,"3,537.00",199.00,"4,330.00",10445,1126,#VALUE!,
PERU,20/06/2020,"3,413.00",201.00,"3,243.00",10577,1143,#VALUE!,
PERU,21/06/2020,"3,598.00",184.00,"3,204.00",10566,1137,#VALUE!,
PERU,22/06/2020,"2,511.00",178.00,"3,353.00",10714,1144,#VALUE!,
PERU,23/06/2020,"3,363.00",181.00,"3,117.00",10588,1161,#VALUE!,
PERU,24/06/2020,"3,879.00",182.00,"3,152.00",10599,1166,#VALUE!,
PERU,25/06/2020,"3,913.00",175.00,"4,485.00",10587,1144,#VALUE!,
PERU,26/06/2020,"3,762.00",178.00,"3,732.00",10964,1172,#VALUE!,
PERU,27/06/2020,"3,625.00",196.00,"4,218.00",10762,1169,#VALUE!,
PERU,28/06/2020,"3,430.00",182.00,"3,974.00",10861,1178,#VALUE!,
PERU,29/06/2020,"2,946.00",187.00,"3,161.00",11000,1183,#VALUE!,
PERU,30/06/2020,"2,848.00",173.00,"3,376.00",11049,1185,#VALUE!,
PERU,01/07/2020,"3,264.00",183.00,"3,710.00",,,,
PERU,02/07/2020,"3,527.00",185.00,"3,852.00",,,,
PERU,03/07/2020,"3,595.00",181.00,"3,755.00",,,,
PERU,04/07/2020,"3,481.00",186.00,"3,769.00",,,,
PERU,05/07/2020,"3,638.00",177.00,"4,336.00",,,,
PERU,06/07/2020,"2,985.00",183.00,"3,662.00",,,,
PERU,07/07/2020,"3,575.00",180.00,"3,319.00",,,,
PERU,08/07/2020,"3,633.00",181.00,"3,810.00",,,,
PERU,09/07/2020,"3,537.00",181.00,"3,054.00",,,,
PERU,10/07/2020,"3,198.00",186.00,"2,836.00",,,,
PERU,11/07/2020,"3,064.00",182.00,"3,514.00",,,,
PERU,12/07/2020,"3,616.00",188.00,"2,959.00",,,,
PERU,13/07/2020,"3,797.00",184.00,"3,897.00",,,,
PERU,14/07/2020,"3,744.00",175.00,"2,253.00",,,,
PERU,15/07/2020,"3,857.00",188.00,"3,139.00",,,,
PERU,16/07/2020,"3,862.00",198.00,"4,594.00",,,,
PERU,17/07/2020,"3,951.00",184.00,"2,988.00",,,,
PERU,18/07/2020,"3,963.00",199.00,"4,104.00",,,,
PERU,19/07/2020,"4,090.00",189.00,"3,869.00",,,,
PERU,20/07/2020,"4,091.00",197.00,"3,126.00",,,,
PERU,21/07/2020,"4,406.00",195.00,"3,665.00",,,,
PERU,22/07/2020,"4,463.00","3,876.00","3,500.00",,,,
PERU,23/07/2020,"4,546.00",199.00,"3,699.00",,,,
PERU,24/07/2020,"4,865.00",189.00,"3,478.00",,,,
PERU,25/07/2020,"3,923.00",187.00,"-259,423.00",,,,
PERU,26/07/2020,"4,913.00",199.00,"267,850.00",,,,
PERU,27/07/2020,"4,920.00",189.00,"4,697.00",,,,
PERU,28/07/2020,"5,288.00",194.00,"3,905.00",,,,
PERU,29/07/2020,"5,678.00",204.00,"3,592.00",,,,
PERU,30/07/2020,"6,809.00",205.00,"3,871.00",,,,
PERU,31/07/2020,"3,621.50",98.00,"1,606.00",,,,
PERU,01/08/2020,"3,621.50",98.00,"1,606.00",,,,
PERU,02/08/2020,"14,115.00",397.00,"7,060.00",,,,
PERU,03/08/2020,"4,250.00",197.00,"3,904.00",,,,
PERU,04/08/2020,"6,790.00",196.00,"4,366.00",,,,
PERU,05/08/2020,"7,734.00",221.00,"3,973.00",,,,
PERU,06/08/2020,"7,785.00",196.00,"3,907.00",,,,
PERU,07/08/2020,"8,466.00",225.00,"3,995.00",,,,
PERU,08/08/2020,"7,137.00",195.00,"4,839.00",,,,
PERU,09/08/2020,"7,012.00",228.00,"4,849.00",,,,
PERU,10/08/2020,"5,109.00",204.00,"5,384.00",,,,
PERU,11/08/2020,"6,547.00",225.00,"6,352.00",,,,
PERU,12/08/2020,"8,875.00",212.00,"6,182.00",,,,
PERU,13/08/2020,"9,441.00","3,935.00","6,068.00",,,,
PERU,14/08/2020,"8,300.00",208.00,"6,226.00",,,,
PERU,15/08/2020,"9,507.00",219.00,"5,549.00",,,,
PERU,16/08/2020,"10,143.00",206.00,"5,586.00",,,,
PERU,17/08/2020,"5,547.00",200.00,"5,350.00",,,,
PERU,18/08/2020,"7,828.00",177.00,"3,302.00",,,,
PERU,19/08/2020,"9,099.00",176.00,"3,434.00",,,,
PERU,20/08/2020,"8,639.00",200.00,"3,277.00",,,,
PERU,21/08/2020,"9,008.00",211.00,"4,178.00",,,,
PERU,22/08/2020,"9,169.00",208.00,"6,236.00",,,,
PERU,23/08/2020,"9,090.00",210.00,"8,213.00",,,,
PUERTO RICO,13/03/2020,3,0,0,0,0,3,
PUERTO RICO,14/03/2020,0,0,0,0,0,0,
PUERTO RICO,15/03/2020,2,0,0,0,0,2,
PUERTO RICO,16/03/2020,0,0,0,0,0,0,
PUERTO RICO,17/03/2020,0,0,0,0,0,0,
PUERTO RICO,18/03/2020,0,0,0,0,0,0,
PUERTO RICO,19/03/2020,1,0,0,0,0,1,
PUERTO RICO,20/03/2020,8,0,0,0,0,8,
PUERTO RICO,21/03/2020,7,1,0,0,0,8,
PUERTO RICO,22/03/2020,2,0,0,0,0,2,
PUERTO RICO,23/03/2020,8,1,0,0,0,9,
PUERTO RICO,24/03/2020,8,0,0,0,0,8,
PUERTO RICO,25/03/2020,12,0,0,0,0,12,
PUERTO RICO,26/03/2020,13,0,0,0,0,13,
PUERTO RICO,27/03/2020,15,1,0,0,0,16,
PUERTO RICO,28/03/2020,21,2,0,0,0,23,
PUERTO RICO,29/03/2020,27,0,0,0,0,27,
PUERTO RICO,30/03/2020,47,1,0,0,0,48,
PUERTO RICO,31/03/2020,65,2,0,0,0,67,
PUERTO RICO,01/04/2020,47,3,0,0,0,50,
PUERTO RICO,02/04/2020,30,1,0,0,0,31,
PUERTO RICO,03/04/2020,62,3,0,0,0,65,
PUERTO RICO,04/04/2020,74,3,0,0,0,77,
PUERTO RICO,05/04/2020,23,2,0,0,0,25,
PUERTO RICO,06/04/2020,38,1,0,0,0,39,
PUERTO RICO,07/04/2020,60,2,0,0,0,62,
PUERTO RICO,08/04/2020,47,1,0,0,0,48,
PUERTO RICO,09/04/2020,63,9,0,0,0,72,
PUERTO RICO,10/04/2020,42,6,0,0,0,48,
PUERTO RICO,11/04/2020,63,3,0,0,0,66,
PUERTO RICO,12/04/2020,109,2,0,0,0,111,
PUERTO RICO,13/04/2020,6,1,0,0,0,7,
PUERTO RICO,14/04/2020,20,0,0,0,0,20,
PUERTO RICO,15/04/2020,51,6,0,0,0,57,
PUERTO RICO,16/04/2020,69,5,0,0,0,74,
PUERTO RICO,17/04/2020,25,2,0,0,0,27,
PUERTO RICO,18/04/2020,50,2,0,0,0,52,
PUERTO RICO,19/04/2020,95,2,0,0,0,97,
PUERTO RICO,20/04/2020,39,1,0,0,0,40,
PUERTO RICO,21/04/2020,46,1,0,0,0,47,
PUERTO RICO,22/04/2020,80,3,0,0,0,83,
PUERTO RICO,23/04/2020,38,2,0,0,0,40,
PUERTO RICO,24/04/2020,31,14,0,0,0,45,
PUERTO RICO,25/04/2020,64,1,0,0,0,65,
PUERTO RICO,26/04/2020,18,0,0,0,0,18,
PUERTO RICO,27/04/2020,11,2,0,0,0,13,
PUERTO RICO,28/04/2020,33,0,0,0,0,33,
PUERTO RICO,29/04/2020,106,6,0,0,0,112,
PUERTO RICO,30/04/2020,36,2,0,0,0,38,
PUERTO RICO,01/05/2020,182,1,0,0,0,183,
PUERTO RICO,02/05/2020,51,2,0,0,0,53,
PUERTO RICO,03/05/2020,35,0,0,0,0,35,
PUERTO RICO,04/05/2020,81,2,0,0,0,83,
PUERTO RICO,05/05/2020,44,0,0,0,0,44,
PUERTO RICO,06/05/2020,63,3,0,0,0,66,
PUERTO RICO,07/05/2020,125,5,0,0,0,130,
PUERTO RICO,08/05/2020,17,1,0,0,0,18,
PUERTO RICO,09/05/2020,25,3,0,0,0,28,
PUERTO RICO,10/05/2020,58,2,0,0,0,60,
PUERTO RICO,11/05/2020,43,1,0,0,0,44,
PUERTO RICO,12/05/2020,30,1,0,0,0,31,
PUERTO RICO,13/05/2020,98,2,0,0,0,100,
PUERTO RICO,14/05/2020,115,5,0,0,0,120,
PUERTO RICO,15/05/2020,47,0,0,0,0,47,
PUERTO RICO,16/05/2020,57,1,0,0,0,58,
PUERTO RICO,17/05/2020,64,1,0,0,0,65,
PUERTO RICO,18/05/2020,95,0,0,0,0,95,
PUERTO RICO,19/05/2020,62,1,0,0,0,63,
PUERTO RICO,20/05/2020,47,1,0,0,0,48,
PUERTO RICO,21/05/2020,117,0,0,0,0,117,
PUERTO RICO,22/05/2020,79,1,0,0,0,80,
PUERTO RICO,23/05/2020,89,0,0,0,0,89,
PUERTO RICO,24/05/2020,71,2,0,0,0,73,
PUERTO RICO,25/05/2020,64,0,0,0,0,64,
PUERTO RICO,26/05/2020,73,0,0,0,0,73,
PUERTO RICO,27/05/2020,89,2,0,0,0,91,
PUERTO RICO,28/05/2020,161,1,0,0,0,162,
PUERTO RICO,29/05/2020,71,1,0,0,0,72,
PUERTO RICO,30/05/2020,58,3,0,0,0,61,
PUERTO RICO,31/05/2020,97,0,0,0,0,97,
PUERTO RICO,01/06/2020,62,2,0,0,0,64,
PUERTO RICO,02/06/2020,88,2,0,0,0,90,
PUERTO RICO,03/06/2020,130,0,0,0,0,130,
PUERTO RICO,04/06/2020,112,1,0,0,0,113,
PUERTO RICO,05/06/2020,208,1,0,0,0,209,
PUERTO RICO,06/06/2020,70,0,0,0,0,70,
PUERTO RICO,07/06/2020,61,0,0,0,0,61,
PUERTO RICO,08/06/2020,109,0,0,0,0,109,
PUERTO RICO,09/06/2020,122,1,0,0,0,123,
PUERTO RICO,10/06/2020,23,1,0,0,0,24,
PUERTO RICO,11/06/2020,99,2,0,0,0,101,
PUERTO RICO,12/06/2020,117,0,0,0,0,117,
PUERTO RICO,13/06/2020,80,1,0,0,0,81,
PUERTO RICO,14/06/2020,53,0,0,0,0,53,
PUERTO RICO,15/06/2020,25,0,0,0,0,25,
PUERTO RICO,16/06/2020,28,0,0,0,0,28,
PUERTO RICO,17/06/2020,65,0,0,0,0,65,
PUERTO RICO,18/06/2020,67,0,0,0,0,67,
PUERTO RICO,19/06/2020,215,0,0,0,0,215,
PUERTO RICO,20/06/2020,32,2,0,0,0,34,
PUERTO RICO,21/06/2020,26,0,0,0,0,26,
PUERTO RICO,22/06/2020,69,0,0,0,0,69,
PUERTO RICO,23/06/2020,89,0,0,0,0,89,
PUERTO RICO,24/06/2020,41,2,0,0,0,43,
PUERTO RICO,25/06/2020,26,0,0,0,0,26,
PUERTO RICO,26/06/2020,132,1,0,0,0,133,
PUERTO RICO,27/06/2020,100,1,0,0,0,101,
PUERTO RICO,28/06/2020,53,0,0,0,0,53,
PUERTO RICO,29/06/2020,175,0,0,0,0,175,
PUERTO RICO,30/06/2020,68,0,0,0,0,68,
SPAIN,09/03/2020,762,13,0,0,59,775,
SPAIN,10/03/2020,623,19,0,0,32,642,
SPAIN,11/03/2020,506,12,0,0,42,518,
SPAIN,12/03/2020,822,37,0,0,48,859,
SPAIN,13/03/2020,1259,34,0,0,82,1293,
SPAIN,14/03/2020,1546,18,0,0,144,1564,
SPAIN,15/03/2020,2000,152,0,0,144,2152,
SPAIN,16/03/2020,1438,21,530,0,144,929,
SPAIN,17/03/2020,1987,182,498,0,131,1671,
SPAIN,18/03/2020,2538,107,53,0,211,2592,
SPAIN,19/03/2020,3431,169,44,0,165,3556,
SPAIN,20/03/2020,2833,235,481,0,186,2587,
SPAIN,21/03/2020,4946,324,540,13282,487,4730,
SPAIN,22/03/2020,3646,394,484,2272,173,3556,
SPAIN,23/03/2020,4517,462,782,2820,570,4197,
SPAIN,24/03/2020,6584,514,439,4388,281,6659,
SPAIN,25/03/2020,7937,738,1573,4198,530,7102,
SPAIN,26/03/2020,8578,655,1648,4952,513,7585,
SPAIN,27/03/2020,7871,769,2342,4381,486,6298,
SPAIN,28/03/2020,8189,832,2928,4337,410,6093,
SPAIN,29/03/2020,6549,838,2424,2767,332,4963,
SPAIN,30/03/2020,6398,812,2072,3220,324,5138,
SPAIN,31/03/2020,9222,849,2479,2626,376,7592,
SPAIN,01/04/2020,7719,864,3388,2175,265,5195,
SPAIN,02/04/2020,8102,950,4096,2695,220,4956,
SPAIN,03/04/2020,7472,932,3770,2524,324,4634,
SPAIN,04/04/2020,7026,809,3706,975,116,4129,
SPAIN,05/04/2020,6023,674,3861,1132,329,2836,
SPAIN,06/04/2020,4273,637,2357,918,70,2553,
SPAIN,07/04/2020,5478,743,2771,3431,138,3450,
SPAIN,08/04/2020,6180,757,4813,423,63,2124,
SPAIN,09/04/2020,5756,683,4144,3063,239,2295,
SPAIN,10/04/2020,4576,605,3503,993,111,1678,
SPAIN,11/04/2020,4830,510,3441,478,53,1899,
SPAIN,12/04/2020,4167,619,3282,5415,19,1504,
SPAIN,13/04/2020,3477,517,2336,1764,223,1658,
SPAIN,14/04/2020,3045,567,2777,523,74,835,
SPAIN,15/04/2020,4978,523,3349,369,20,2152,
SPAIN,16/04/2020,5183,551,3947,1094,87,1787,
SPAIN,17/04/2020,5252,585,3502,594,34,2335,
SPAIN,18/04/2020,4499,565,3166,1666,79,1898,
SPAIN,19/04/2020,4218,410,2695,857,89,1933,
SPAIN,20/04/2020,3572,399,1694,542,46,2277,
SPAIN,21/04/2020,3968,430,1928,852,49,2470,
SPAIN,22/04/2020,4211,435,3401,972,52,1245,
SPAIN,23/04/2020,4635,440,3335,867,52,1740,
SPAIN,24/04/2020,2796,367,3105,932,118,58,
SPAIN,25/04/2020,2944,378,3353,389,31,-31,
SPAIN,26/04/2020,1729,288,3024,1635,33,-1007,
SPAIN,27/04/2020,1831,331,2144,351,174,18,
SPAIN,28/04/2020,1308,301,1673,878,75,-64,
SPAIN,29/04/2020,2144,325,6399,908,49,-3930,
SPAIN,30/04/2020,1309,628,3103,816,57,-1166,
SPAIN,01/05/2020,1175,281,2628,732,84,-1172,
SPAIN,02/05/2020,1147,276,2572,556,49,-1149,
SPAIN,03/05/2020,838,164,1654,547,65,-652,
SPAIN,04/05/2020,356,164,2447,394,21,-1927,
SPAIN,05/05/2020,867,185,0,720,37,1052,
SPAIN,06/05/2020,685,244,0,857,51,929,
SPAIN,07/05/2020,754,213,0,548,58,967,
SPAIN,08/05/2020,1095,229,0,762,85,1324,
SPAIN,09/05/2020,604,179,0,489,70,783,
SPAIN,10/05/2020,621,143,0,465,36,764,
SPAIN,11/05/2020,373,123,0,257,20,496,
SPAIN,12/05/2020,426,176,0,513,24,602,
SPAIN,13/05/2020,439,184,0,412,65,623,
SPAIN,14/05/2020,506,217,0,330,29,723,
SPAIN,15/05/2020,549,138,0,346,29,687,
SPAIN,16/05/2020,539,102,0,258,10,641,
SPAIN,17/05/2020,391,87,0,327,28,478,
SPAIN,18/05/2020,285,59,0,172,15,344,
SPAIN,19/05/2020,295,83,0,166,11,378,
SPAIN,20/05/2020,416,95,0,193,31,511,
SPAIN,21/05/2020,344,48,0,140,20,392,
SPAIN,22/05/2020,446,56,0,123,20,502,
SPAIN,23/05/2020,361,48,0,125,13,409,
SPAIN,24/05/2020,246,70,0,86,3,316,
SPAIN,25/05/2020,132,50,0,256,11,182,
SPAIN,26/05/2020,194,35,0,256,12,229,
SPAIN,27/05/2020,231,39,0,283,13,270,
SPAIN,28/05/2020,182,38,0,301,11,220,
SPAIN,29/05/2020,187,39,0,286,12,226,
SPAIN,30/05/2020,271,43,0,287,10,314,
SPAIN,31/05/2020,96,39,0,263,9,135,
SPAIN,01/06/2020,71,35,0,245,9,106,
SPAIN,02/06/2020,137,34,0,243,11,171,
SPAIN,03/06/2020,219,63,0,221,10,282,
SPAIN,04/06/2020,195,56,0,166,11,251,
SPAIN,05/06/2020,177,52,0,162,14,229,
SPAIN,06/06/2020,164,67,0,169,15,231,
SPAIN,07/06/2020,102,72,0,148,14,174,
SPAIN,08/06/2020,48,56,0,145,14,104,
SPAIN,09/06/2020,84,50,0,149,12,134,
SPAIN,10/06/2020,167,40,0,139,12,207,
SPAIN,11/06/2020,156,32,0,151,10,188,
SPAIN,12/06/2020,155,25,0,141,10,180,
SPAIN,13/06/2020,130,27,0,125,7,157,
SPAIN,14/06/2020,48,26,0,110,5,74,
SPAIN,15/06/2020,40,25,0,94,3,65,
SPAIN,16/06/2020,76,25,0,86,6,101,
SPAIN,17/06/2020,141,30,0,97,10,171,
SPAIN,18/06/2020,143,52,0,89,9,195,
SPAIN,19/06/2020,154,40,0,97,8,194,
SPAIN,20/06/2020,134,36,0,101,6,170,
SPAIN,21/06/2020,141,29,0,99,5,170,
SPAIN,22/06/2020,125,21,0,150,10,146,
SPAIN,23/06/2020,108,14,0,151,13,122,
SPAIN,24/06/2020,196,10,0,150,16,206,
SPAIN,25/06/2020,157,11,0,146,14,168,
SPAIN,26/06/2020,191,11,0,147,12,202,
SPAIN,27/06/2020,191,13,0,150,17,204,
SPAIN,28/06/2020,118,13,0,137,16,131,
SPAIN,29/06/2020,84,12,0,137,15,96,
SPAIN,30/06/2020,99,20,0,153,11,119,
SPAIN,01/07/2020,149,19,0,151,9,168,
SPAIN,02/07/2020,134,24,0,136,11,158,
SPAIN,03/07/2020,174,21,0,141,13,195,
SPAIN,04/07/2020,126,16,0,139,11,142,
SPAIN,05/07/2020,126,16,0,139,11,142,
SPAIN,06/07/2020,78,12,0,138,10,90,
SPAIN,07/07/2020,124,9,0,157,7,133,
SPAIN,08/07/2020,257,9,0,137,6,266,
SPAIN,09/07/2020,241,10,0,150,5,251,
SPAIN,10/07/2020,333,10,0,156,8,343,
SPAIN,11/07/2020,248,8,0,150,8,256,
SPAIN,12/07/2020,248,8,0,150,8,256,
SPAIN,13/07/2020,164,7,0,146,8,171,
SPAIN,14/07/2020,263,8,0,165,11,271,
SPAIN,15/07/2020,390,10,0,176,13,400,
SPAIN,16/07/2020,580,9,0,196,17,589,
SPAIN,17/07/2020,628,10,0,228,18,638,
URUGUAY,13/03/2020,4,0,0,0,0,4,
URUGUAY,14/03/2020,2,0,0,0,0,2,
URUGUAY,15/03/2020,2,0,0,0,0,2,
URUGUAY,16/03/2020,21,0,0,0,0,21,
URUGUAY,17/03/2020,21,0,0,2,0,21,
URUGUAY,18/03/2020,29,0,2,0,0,27,
URUGUAY,19/03/2020,15,0,0,0,0,15,
URUGUAY,20/03/2020,16,0,0,4,0,16,
URUGUAY,21/03/2020,25,0,0,4,2,25,
URUGUAY,22/03/2020,23,0,0,4,1,23,
URUGUAY,23/03/2020,4,0,0,4,1,4,
URUGUAY,24/03/2020,27,0,0,3,1,27,
URUGUAY,25/03/2020,28,0,0,12,4,28,
URUGUAY,26/03/2020,21,0,0,18,4,21,
URUGUAY,27/03/2020,36,0,0,13,8,36,
URUGUAY,28/03/2020,30,1,0,13,8,31,
URUGUAY,29/03/2020,6,0,0,12,10,6,
URUGUAY,30/03/2020,10,0,0,12,11,10,
URUGUAY,31/03/2020,18,0,0,13,12,18,
URUGUAY,01/04/2020,12,1,21,14,13,-8,
URUGUAY,02/04/2020,19,2,6,14,13,15,
URUGUAY,03/04/2020,17,0,18,14,13,-1,
URUGUAY,04/04/2020,14,1,7,15,13,8,
URUGUAY,05/04/2020,6,1,11,15,14,-4,
URUGUAY,06/04/2020,9,0,19,15,14,-10,
URUGUAY,07/04/2020,9,1,27,18,14,-17,
URUGUAY,08/04/2020,32,0,42,18,14,-10,
URUGUAY,09/04/2020,17,0,14,17,13,3,
URUGUAY,10/04/2020,21,0,8,15,15,13,
URUGUAY,11/04/2020,7,0,10,17,16,-3,
URUGUAY,12/04/2020,11,7,7,16,16,11,
URUGUAY,13/04/2020,9,1,17,15,15,-7,
URUGUAY,14/04/2020,12,0,12,14,14,0,
URUGUAY,15/04/2020,6,1,12,13,13,-5,
URUGUAY,16/04/2020,13,0,14,13,13,-1,
URUGUAY,17/04/2020,18,0,8,12,12,10,
URUGUAY,18/04/2020,18,0,4,14,14,14,
URUGUAY,19/04/2020,4,0,0,13,13,4,
URUGUAY,20/04/2020,10,1,15,13,13,-4,
URUGUAY,21/04/2020,11,2,11,10,10,2,
URUGUAY,22/04/2020,8,0,13,10,10,-5,
URUGUAY,23/04/2020,9,0,17,10,10,-8,
URUGUAY,24/04/2020,6,0,15,9,9,-9,
URUGUAY,25/04/2020,46,2,1,9,9,47,
URUGUAY,26/04/2020,12,1,5,10,10,8,
URUGUAY,27/04/2020,2,0,11,11,11,-9,
URUGUAY,28/04/2020,6,0,8,11,11,-2,
URUGUAY,29/04/2020,18,0,18,11,11,0,
URUGUAY,30/04/2020,11,2,5,10,10,8,
URUGUAY,01/05/2020,5,0,18,10,10,-13,
URUGUAY,02/05/2020,4,0,5,10,10,-1,
URUGUAY,03/05/2020,7,0,2,10,10,5,
URUGUAY,04/05/2020,7,0,5,10,10,2,
URUGUAY,05/05/2020,13,0,21,10,10,-8,
URUGUAY,06/05/2020,8,0,18,10,10,-10,
URUGUAY,07/05/2020,26,0,6,9,9,20,
URUGUAY,08/05/2020,19,1,14,8,8,6,
URUGUAY,09/05/2020,4,0,7,8,8,-3,
URUGUAY,10/05/2020,7,1,4,8,8,4,
URUGUAY,11/05/2020,5,0,6,8,8,-1,
URUGUAY,12/05/2020,7,0,9,8,8,-2,
URUGUAY,13/05/2020,9,0,13,8,8,-4,
URUGUAY,14/05/2020,7,0,2,7,7,5,
URUGUAY,15/05/2020,4,0,6,7,7,-2,
URUGUAY,16/05/2020,7,0,5,5,5,2,
URUGUAY,17/05/2020,14,1,6,4,4,9,
URUGUAY,18/05/2020,3,0,5,4,4,-2,
URUGUAY,19/05/2020,1,0,10,4,4,-9,
URUGUAY,20/05/2020,12,0,9,4,4,3,
URUGUAY,21/05/2020,9,0,6,5,5,3,
URUGUAY,22/05/2020,12,0,9,5,5,3,
URUGUAY,23/05/2020,14,2,13,5,5,3,
URUGUAY,24/05/2020,2,0,2,5,5,0,
URUGUAY,25/05/2020,19,0,11,5,5,8,
URUGUAY,26/05/2020,2,0,9,5,5,-7,
URUGUAY,27/05/2020,14,0,12,5,5,2,
URUGUAY,28/05/2020,12,0,4,5,5,8,
URUGUAY,29/05/2020,7,0,26,6,6,-19,
URUGUAY,30/05/2020,8,0,2,5,5,6,
URUGUAY,31/05/2020,4,1,3,5,5,2,
URUGUAY,01/06/2020,9,0,4,4,4,5,
URUGUAY,02/06/2020,3,0,2,4,4,1,
URUGUAY,03/06/2020,0,0,7,4,4,-7,
URUGUAY,04/06/2020,4,0,11,4,4,-7,
URUGUAY,05/06/2020,11,0,12,4,4,-1,
URUGUAY,06/06/2020,5,0,5,4,4,0,
URUGUAY,07/06/2020,5,0,4,4,4,1,
URUGUAY,08/06/2020,0,0,8,4,4,-8,
URUGUAY,09/06/2020,1,0,16,4,4,-15,
URUGUAY,10/06/2020,1,0,4,4,4,-3,
URUGUAY,11/06/2020,4,0,14,4,4,-10,
URUGUAY,12/06/2020,3,0,8,3,3,-5,
URUGUAY,13/06/2020,0,0,4,3,3,-4,
URUGUAY,14/06/2020,2,0,4,3,3,-2,
URUGUAY,15/06/2020,0,0,4,3,3,-4,
URUGUAY,16/06/2020,1,1,9,3,3,-7,
URUGUAY,17/06/2020,0,0,9,4,4,-9,
URUGUAY,18/06/2020,1,0,4,4,4,-3,
URUGUAY,19/06/2020,3,1,0,4,4,4,
URUGUAY,20/06/2020,6,1,1,4,4,6,
URUGUAY,21/06/2020,17,0,0,4,4,17,
URUGUAY,22/06/2020,6,0,0,4,4,6,
URUGUAY,23/06/2020,3,0,0,4,4,3,
URUGUAY,24/06/2020,17,0,0,2,2,17,
URUGUAY,25/06/2020,5,1,3,2,2,3,
URUGUAY,26/06/2020,12,1,0,2,2,13,
URUGUAY,27/06/2020,5,0,0,2,2,5,
URUGUAY,28/06/2020,5,0,0,2,2,5,
URUGUAY,29/06/2020,3,0,4,2,2,-1,
URUGUAY,30/06/2020,4,0,2,2,2,2,
NETHERLAND,09/03/2020,56,3,0,0,0,59,
NETHERLAND,10/03/2020,61,1,0,0,0,62,
NETHERLAND,11/03/2020,121,1,0,0,0,122,
NETHERLAND,12/03/2020,111,0,0,86,0,111,
NETHERLAND,13/03/2020,804,9,0,115,0,813,
NETHERLAND,14/03/2020,155,3,0,21,0,158,
NETHERLAND,15/03/2020,176,7,0,26,0,183,
NETHERLAND,16/03/2020,278,4,0,43,0,282,
NETHERLAND,17/03/2020,292,17,0,109,0,309,
NETHERLAND,18/03/2020,346,16,0,94,0,362,
NETHERLAND,19/03/2020,409,21,0,81,0,430,
NETHERLAND,20/03/2020,1191,28,0,159,0,1219,
NETHERLAND,21/03/2020,-20,31,0,188,0,11,
NETHERLAND,22/03/2020,573,44,0,152,0,617,
NETHERLAND,23/03/2020,545,33,0,242,0,578,
NETHERLAND,24/03/2020,811,63,0,265,0,874,
NETHERLAND,25/03/2020,852,80,0,341,2467,932,
NETHERLAND,26/03/2020,1019,78,0,315,0,1097,
NETHERLAND,27/03/2020,1172,112,0,349,100,1284,
NETHERLAND,28/03/2020,1159,93,0,454,100,1252,
NETHERLAND,29/03/2020,1104,132,0,529,100,1236,
NETHERLAND,30/03/2020,884,93,0,507,100,977,
NETHERLAND,31/03/2020,845,175,0,722,0,1020,
NETHERLAND,01/04/2020,1019,134,0,447,0,1153,
NETHERLAND,02/04/2020,1083,166,0,625,0,1249,
NETHERLAND,03/04/2020,1026,148,0,501,0,1174,
NETHERLAND,04/04/2020,904,164,0,336,0,1068,
NETHERLAND,05/04/2020,1224,117,0,253,0,1341,
NETHERLAND,06/04/2020,952,99,0,260,0,1051,
NETHERLAND,07/04/2020,777,234,0,292,0,1011,
NETHERLAND,08/04/2020,969,147,0,308,0,1116,
NETHERLAND,09/04/2020,1213,148,0,237,0,1361,
NETHERLAND,10/04/2020,1335,115,0,225,0,1450,
NETHERLAND,11/04/2020,1316,132,0,190,0,1448,
NETHERLAND,12/04/2020,1174,94,0,196,0,1268,
NETHERLAND,13/04/2020,964,86,0,147,0,1050,
NETHERLAND,14/04/2020,868,122,0,210,0,990,
NETHERLAND,15/04/2020,734,189,0,188,0,923,
NETHERLAND,16/04/2020,1061,181,0,182,0,1242,
NETHERLAND,17/04/2020,1235,144,0,156,0,1379,
NETHERLAND,18/04/2020,1140,142,250,129,1200,1032,
NETHERLAND,19/04/2020,1066,83,322,110,0,827,
NETHERLAND,20/04/2020,750,67,74,75,0,743,
NETHERLAND,21/04/2020,729,165,0,118,0,894,
NETHERLAND,22/04/2020,708,138,0,124,0,846,
NETHERLAND,23/04/2020,887,123,0,137,0,1010,
NETHERLAND,24/04/2020,806,112,0,123,0,918,
NETHERLAND,25/04/2020,655,120,0,100,0,775,
NETHERLAND,26/04/2020,655,66,0,75,0,721,
NETHERLAND,27/04/2020,400,43,0,65,0,443,
NETHERLAND,28/04/2020,171,48,0,88,0,219,
NETHERLAND,29/04/2020,386,145,0,76,0,531,
NETHERLAND,30/04/2020,514,84,0,84,0,598,
NETHERLAND,01/05/2020,475,98,0,85,0,573,
NETHERLAND,02/05/2020,445,94,0,93,0,539,
NETHERLAND,03/05/2020,335,69,0,41,0,404,
NETHERLAND,04/05/2020,199,26,0,36,0,225,
NETHERLAND,05/05/2020,317,86,0,79,0,403,
NETHERLAND,06/05/2020,232,36,0,20,0,268,
NETHERLAND,07/05/2020,455,84,0,33,0,539,
NETHERLAND,08/05/2020,319,71,0,71,0,390,
NETHERLAND,09/05/2020,289,63,0,58,0,352,
NETHERLAND,10/05/2020,245,18,0,22,0,263,
NETHERLAND,11/05/2020,161,16,0,36,0,177,
NETHERLAND,12/05/2020,196,54,0,35,0,250,
NETHERLAND,13/05/2020,227,52,0,52,0,279,
NETHERLAND,14/05/2020,270,28,0,27,0,298,
NETHERLAND,15/05/2020,200,53,0,35,0,253,
NETHERLAND,16/05/2020,189,27,0,45,0,216,
NETHERLAND,17/05/2020,125,10,0,15,0,135,
NETHERLAND,18/05/2020,146,14,0,27,0,160,
NETHERLAND,19/05/2020,108,21,0,34,0,129,
NETHERLAND,20/05/2020,198,33,0,14,0,231,
NETHERLAND,21/05/2020,253,27,0,13,0,280,
NETHERLAND,22/05/2020,188,13,0,9,0,201,
NETHERLAND,23/05/2020,176,23,0,10,0,199,
NETHERLAND,24/05/2020,172,11,0,13,0,183,
NETHERLAND,25/05/2020,209,8,0,8,0,217,
NETHERLAND,26/05/2020,133,26,0,10,0,159,
NETHERLAND,27/05/2020,190,15,0,7,0,205,
NETHERLAND,28/05/2020,182,32,0,16,0,214,
NETHERLAND,29/05/2020,176,28,0,9,0,204,
NETHERLAND,30/05/2020,131,20,0,5,0,151,
NETHERLAND,31/05/2020,185,5,0,8,0,190,
NETHERLAND,01/06/2020,103,6,0,9,0,109,
NETHERLAND,02/06/2020,102,5,0,6,0,107,
NETHERLAND,03/06/2020,86,10,0,9,0,96,
NETHERLAND,04/06/2020,209,13,0,12,0,222,
NETHERLAND,05/06/2020,210,15,0,11,0,225,
NETHERLAND,06/06/2020,183,6,0,3,0,189,
NETHERLAND,07/06/2020,239,2,0,4,0,241,
NETHERLAND,08/06/2020,165,3,0,5,0,168,
NETHERLAND,09/06/2020,164,15,0,6,0,179,
NETHERLAND,10/06/2020,184,11,0,5,0,195,
NETHERLAND,11/06/2020,164,2,0,3,0,166,
NETHERLAND,12/06/2020,210,9,0,5,0,219,
NETHERLAND,13/06/2020,179,4,0,9,0,183,
NETHERLAND,14/06/2020,143,2,0,6,0,145,
NETHERLAND,15/06/2020,165,6,0,3,0,171,
NETHERLAND,16/06/2020,139,5,0,3,0,144,
NETHERLAND,17/06/2020,117,4,0,2,0,121,
NETHERLAND,18/06/2020,115,4,0,-1,0,119,
NETHERLAND,19/06/2020,107,3,0,11,0,110,
NETHERLAND,20/06/2020,76,8,0,0,0,84,
NETHERLAND,21/06/2020,91,1,0,3,0,92,
NETHERLAND,22/06/2020,65,0,0,2,0,65,
NETHERLAND,23/06/2020,64,5,0,2,0,69,
NETHERLAND,24/06/2020,82,2,0,6,0,84,
NETHERLAND,25/06/2020,110,3,0,4,0,113,
NETHERLAND,26/06/2020,91,3,0,5,0,94,
NETHERLAND,27/06/2020,69,2,0,0,0,71,
NETHERLAND,28/06/2020,73,0,0,3,0,73,
NETHERLAND,29/06/2020,76,2,0,3,0,78,
NETHERLAND,30/06/2020,50,6,0,3,0,56,
NETHERLAND,01/07/2020,62,2,0,1,0,64,
NETHERLAND,02/07/2020,77,3,0,0,0,80,
NETHERLAND,03/07/2020,75,2,0,4,0,77,
NETHERLAND,04/07/2020,61,6,0,1,0,67,
NETHERLAND,05/07/2020,73,1,0,1,0,74,
NETHERLAND,06/07/2020,36,1,0,0,0,37,
NETHERLAND,07/07/2020,37,4,0,2,0,41,
NETHERLAND,08/07/2020,52,3,0,3,0,55,
NETHERLAND,09/07/2020,52,2,0,-2,0,54,
NETHERLAND,10/07/2020,42,-1,0,1,0,41,
NETHERLAND,11/07/2020,81,1,0,3,0,82,
NETHERLAND,12/07/2020,101,0,0,2,0,101,
NETHERLAND,13/07/2020,71,0,0,1,0,71,
NETHERLAND,14/07/2020,53,-2,0,-2,0,51,
NETHERLAND,15/07/2020,106,1,0,5,0,107,
NETHERLAND,16/07/2020,99,1,0,1,0,100,
NETHERLAND,17/07/2020,103,1,0,-4,0,104,
NETHERLAND,18/07/2020,127,-2,0,1,0,125,
NETHERLAND,19/07/2020,144,0,0,3,0,144,
NETHERLAND,20/07/2020,185,0,0,2,0,185,
NETHERLAND,21/07/2020,163,0,0,2,0,163,
NETHERLAND,22/07/2020,168,3,0,0,0,171,
NETHERLAND,23/07/2020,163,0,0,3,0,163,
NETHERLAND,24/07/2020,191,0,0,-1,0,191,
NETHERLAND,25/07/2020,137,1,0,2,0,138,
NETHERLAND,26/07/2020,214,0,0,2,0,214,
NETHERLAND,27/07/2020,205,1,0,5,0,206,
COLOMBIA,02/03/2020,1,0,1,0,0,0,
COLOMBIA,03/03/2020,0,0,0,0,0,0,
COLOMBIA,04/03/2020,0,0,0,0,0,,
COLOMBIA,05/03/2020,0,0,0,0,0,,
COLOMBIA,06/03/2020,1,0,1,0,0,,
COLOMBIA,07/03/2020,1,0,1,0,0,,
COLOMBIA,08/03/2020,2,0,2,0,0,,
COLOMBIA,09/03/2020,3,0,3,0,0,,
COLOMBIA,10/03/2020,4,0,4,0,0,,
COLOMBIA,11/03/2020,8,0,8,0,0,,
COLOMBIA,12/03/2020,11,0,11,0,0,,
COLOMBIA,13/03/2020,13,1,12,0,0,,
COLOMBIA,14/03/2020,20,0,20,0,0,,
COLOMBIA,15/03/2020,19,0,19,0,0,,
COLOMBIA,16/03/2020,29,0,29,0,0,,
COLOMBIA,17/03/2020,42,1,41,0,0,,
COLOMBIA,18/03/2020,44,2,42,0,0,,
COLOMBIA,19/03/2020,69,0,69,0,0,,
COLOMBIA,20/03/2020,78,5,73,0,0,,
COLOMBIA,21/03/2020,80,5,74,1,0,,
COLOMBIA,22/03/2020,82,4,78,0,0,,
COLOMBIA,23/03/2020,94,6,87,1,0,,
COLOMBIA,24/03/2020,141,7,131,1,2,,
COLOMBIA,25/03/2020,162,9,151,1,1,,
COLOMBIA,26/03/2020,159,11,147,0,0,,
COLOMBIA,27/03/2020,160,15,143,1,0,,
COLOMBIA,28/03/2020,166,12,153,1,0,,
COLOMBIA,29/03/2020,139,12,126,1,0,,
COLOMBIA,30/03/2020,194,14,180,0,0,,
COLOMBIA,31/03/2020,190,17,169,4,0,,
COLOMBIA,01/04/2020,195,9,186,0,0,,
COLOMBIA,02/04/2020,166,12,154,0,0,,
COLOMBIA,03/04/2020,187,25,160,1,1,,
COLOMBIA,04/04/2020,160,16,142,2,0,,
COLOMBIA,05/04/2020,101,8,91,2,0,,
COLOMBIA,06/04/2020,152,5,145,1,1,,
COLOMBIA,07/04/2020,157,14,143,0,0,,
COLOMBIA,08/04/2020,126,9,116,0,0,,
COLOMBIA,09/04/2020,142,8,133,1,0,,
COLOMBIA,10/04/2020,121,8,112,0,0,,
COLOMBIA,11/04/2020,248,10,233,4,0,,
COLOMBIA,12/04/2020,157,8,149,0,0,,
COLOMBIA,13/04/2020,186,10,174,1,0,,
COLOMBIA,14/04/2020,238,14,215,8,1,,
COLOMBIA,15/04/2020,168,12,153,2,0,,
COLOMBIA,16/04/2020,255,12,237,5,1,,
COLOMBIA,17/04/2020,178,10,163,3,1,,
COLOMBIA,18/04/2020,205,13,186,3,0,,
COLOMBIA,19/04/2020,221,9,207,3,0,,
COLOMBIA,20/04/2020,217,8,205,1,1,,
COLOMBIA,21/04/2020,219,10,209,0,0,,
COLOMBIA,22/04/2020,248,10,231,5,1,,
COLOMBIA,23/04/2020,302,17,279,5,1,,
COLOMBIA,24/04/2020,306,14,284,6,1,,
COLOMBIA,25/04/2020,305,12,287,4,1,,
COLOMBIA,26/04/2020,253,21,224,7,1,,
COLOMBIA,27/04/2020,408,19,379,6,0,,
COLOMBIA,28/04/2020,515,18,491,5,0,,
COLOMBIA,29/04/2020,381,19,356,4,0,,
COLOMBIA,30/04/2020,475,31,435,3,1,,
COLOMBIA,01/05/2020,466,27,434,4,0,,
COLOMBIA,02/05/2020,461,24,428,7,0,,
COLOMBIA,03/05/2020,395,16,371,3,3,,
COLOMBIA,04/05/2020,510,32,476,2,0,,
COLOMBIA,05/05/2020,791,30,753,4,2,,
COLOMBIA,06/05/2020,757,24,723,5,2,,
COLOMBIA,07/05/2020,774,24,742,2,2,,
COLOMBIA,08/05/2020,980,39,932,1,3,,
COLOMBIA,09/05/2020,743,18,718,0,2,,
COLOMBIA,10/05/2020,471,22,443,3,1,,
COLOMBIA,11/05/2020,733,34,692,1,6,,
COLOMBIA,12/05/2020,822,26,789,1,3,,
COLOMBIA,13/05/2020,845,33,800,1,4,,
COLOMBIA,14/05/2020,1061,30,1022,2,4,,
COLOMBIA,15/05/2020,978,39,931,0,1,,
COLOMBIA,16/05/2020,907,38,864,0,2,,
COLOMBIA,17/05/2020,842,33,806,0,2,,
COLOMBIA,18/05/2020,1202,48,1146,2,4,,
COLOMBIA,19/05/2020,1162,43,1111,3,3,,
COLOMBIA,20/05/2020,1395,55,1332,2,2,,
COLOMBIA,21/05/2020,1363,41,1311,1,6,,
COLOMBIA,22/05/2020,1414,55,1349,0,4,,
COLOMBIA,23/05/2020,1424,48,1364,0,4,,
COLOMBIA,24/05/2020,906,35,865,1,4,,
COLOMBIA,25/05/2020,1159,43,1096,9,6,,
COLOMBIA,26/05/2020,1517,56,1441,4,9,,
COLOMBIA,27/05/2020,1367,66,1287,4,5,,
COLOMBIA,28/05/2020,1409,54,1330,14,5,,
COLOMBIA,29/05/2020,1413,65,1315,18,9,,
COLOMBIA,30/05/2020,1299,40,1232,14,8,,
COLOMBIA,31/05/2020,1043,53,961,15,6,,
COLOMBIA,01/06/2020,1743,82,1606,37,9,,
COLOMBIA,02/06/2020,1650,72,1511,45,5,,
COLOMBIA,03/06/2020,1891,87,1757,33,6,,
COLOMBIA,04/06/2020,1784,81,1634,49,7,,
COLOMBIA,05/06/2020,2014,92,1847,48,9,,
COLOMBIA,06/06/2020,1803,78,1667,46,4,,
COLOMBIA,07/06/2020,1470,70,1343,41,7,,
COLOMBIA,08/06/2020,2527,111,2326,69,7,,
COLOMBIA,09/06/2020,2421,123,2208,63,12,,
COLOMBIA,10/06/2020,2786,113,2565,75,11,,
COLOMBIA,11/06/2020,2958,125,2734,71,8,,
COLOMBIA,12/06/2020,2954,113,2751,68,11,,
COLOMBIA,13/06/2020,2475,137,2263,63,4,,
COLOMBIA,14/06/2020,1664,98,1482,59,5,,
COLOMBIA,15/06/2020,1889,121,1693,57,9,,
COLOMBIA,16/06/2020,3747,170,3450,95,19,,
COLOMBIA,17/06/2020,3988,144,3724,93,8,,
COLOMBIA,18/06/2020,3891,162,3580,106,17,,
COLOMBIA,19/06/2020,4003,166,3709,104,12,,
COLOMBIA,20/06/2020,3477,117,3238,94,9,,
COLOMBIA,21/06/2020,2605,143,2346,94,7,,
COLOMBIA,22/06/2020,2945,137,2672,102,11,,
COLOMBIA,23/06/2020,5049,178,4695,134,18,,
COLOMBIA,24/06/2020,5096,221,4700,139,16,,
COLOMBIA,25/06/2020,5181,203,4788,162,14,,
COLOMBIA,26/06/2020,5592,211,5194,147,20,,
COLOMBIA,27/06/2020,4675,155,4356,129,12,,
COLOMBIA,28/06/2020,3569,162,3260,110,17,,
COLOMBIA,29/06/2020,3822,173,3473,144,16,,
COLOMBIA,30/06/2020,6014,221,5533,197,28,,
COLOMBIA,01/07/2020,6262,236,5786,195,21,,
COLOMBIA,02/07/2020,6265,228,5818,157,30,,
COLOMBIA,03/07/2020,6908,225,6345,202,25,,
COLOMBIA,04/07/2020,6340,213,5887,187,24,,
COLOMBIA,05/07/2020,4624,186,4207,163,33,,
COLOMBIA,06/07/2020,7326,259,6757,246,32,,
COLOMBIA,07/07/2020,7054,290,6408,263,39,,
COLOMBIA,08/07/2020,7864,282,7249,243,19,,
COLOMBIA,09/07/2020,7111,242,6498,273,24,,
COLOMBIA,10/07/2020,8145,284,7469,261,19,,
COLOMBIA,11/07/2020,6596,206,6052,223,25,,
COLOMBIA,12/07/2020,5336,201,4819,196,24,,
COLOMBIA,13/07/2020,9456,290,8715,319,35,,
COLOMBIA,14/07/2020,9133,309,8453,296,31,,
COLOMBIA,15/07/2020,8636,308,7920,326,38,,
COLOMBIA,16/07/2020,9361,283,8644,315,40,,
COLOMBIA,17/07/2020,9656,306,8885,324,40,,
COLOMBIA,18/07/2020,9396,265,8698,292,48,,
COLOMBIA,19/07/2020,6210,236,5539,295,29,,
COLOMBIA,20/07/2020,6826,297,6069,282,33,,
COLOMBIA,21/07/2020,10297,285,9330,391,40,,
COLOMBIA,22/07/2020,10162,294,9044,400,52,,
COLOMBIA,23/07/2020,10261,294,6805,376,38,,
COLOMBIA,24/07/2020,10280,305,4906,352,52,,
COLOMBIA,25/07/2020,9199,255,3900,367,28,,
COLOMBIA,26/07/2020,6700,238,2534,315,21,,
COLOMBIA,27/07/2020,11840,301,2873,429,42,,
COLOMBIA,28/07/2020,11485,300,2351,433,27,,
COLOMBIA,29/07/2020,10390,253,1849,388,29,,
COLOMBIA,30/07/2020,10432,252,1353,435,17,,
COLOMBIA,31/07/2020,10837,256,2235,459,24,,
COLOMBIA,01/08/2020,8581,226,769,418,22,,
COLOMBIA,02/08/2020,5816,180,389,333,16,,
COLOMBIA,03/08/2020,9947,211,557,441,18,,
COLOMBIA,04/08/2020,9476,164,380,386,8,,
COLOMBIA,05/08/2020,9198,145,367,413,6,,
COLOMBIA,06/08/2020,10053,147,283,423,13,,
COLOMBIA,07/08/2020,6185,106,263,360,18,,
COLOMBIA,08/08/2020,6124,117,135,390,13,,
COLOMBIA,09/08/2020,3922,101,86,343,7,,
COLOMBIA,10/08/2020,7190,86,103,427,2,,
COLOMBIA,11/08/2020,6604,70,81,334,2,,
COLOMBIA,12/08/2020,6744,64,56,339,1,,